Cycle start time,Cycle end time,Cycle timezone,Question text,Answered yes,Notes
2025-11-18 02:36:37,2025-11-18 21:11:28,UTC+05:30,Avoided processed foods?,true,
2025-11-18 02:36:37,2025-11-18 21:11:28,UTC+05:30,Took a cold shower?,false,
2025-11-18 02:36:37,2025-11-18 21:11:28,UTC+05:30,Consumed dairy?,false,
2025-11-18 02:36:37,2025-11-18 21:11:28,UTC+05:30,Consumed fiber?,false,
2025-11-18 02:36:37,2025-11-18 21:11:28,UTC+05:30,Experienced heartburn?,false,
2025-11-18 02:36:37,2025-11-18 21:11:28,UTC+05:30,Followed an intermittent fasting diet?,false,
2025-11-18 02:36:37,2025-11-18 21:11:28,UTC+05:30,Took Iron supplements?,false,
2025-11-18 02:36:37,2025-11-18 21:11:28,UTC+05:30,Ate food close to bedtime?,false,
2025-11-18 02:36:37,2025-11-18 21:11:28,UTC+05:30,Consumed magnesium?,false,
2025-11-18 02:36:37,2025-11-18 21:11:28,UTC+05:30,Took a magnesium supplement?,false,
2025-11-18 02:36:37,2025-11-18 21:11:28,UTC+05:30,Masturbated?,true,
2025-11-18 02:36:37,2025-11-18 21:11:28,UTC+05:30,Consumed meat?,true,
2025-11-18 02:36:37,2025-11-18 21:11:28,UTC+05:30,Took omega 3 supplement?,false,
2025-11-18 02:36:37,2025-11-18 21:11:28,UTC+05:30,Walked after a meal?,false,
2025-11-18 02:36:37,2025-11-18 21:11:28,UTC+05:30,Consumed protein?,false,
2025-11-18 02:36:37,2025-11-18 21:11:28,UTC+05:30,Took vitamin B-12?,false,
2025-11-18 02:36:37,2025-11-18 21:11:28,UTC+05:30,Took vitamin C?,false,
2025-11-18 02:36:37,2025-11-18 21:11:28,UTC+05:30,Took vitamin D?,false,
2025-11-18 02:36:37,2025-11-18 21:11:28,UTC+05:30,Took a zinc supplement?,false,
2025-11-17 02:26:03,2025-11-18 02:36:37,UTC+05:30,Avoided processed foods?,false,
2025-11-17 02:26:03,2025-11-18 02:36:37,UTC+05:30,Took a cold shower?,true,
2025-11-17 02:26:03,2025-11-18 02:36:37,UTC+05:30,Consumed dairy?,true,
2025-11-17 02:26:03,2025-11-18 02:36:37,UTC+05:30,Consumed fiber?,false,
2025-11-17 02:26:03,2025-11-18 02:36:37,UTC+05:30,Experienced heartburn?,false,
2025-11-17 02:26:03,2025-11-18 02:36:37,UTC+05:30,Followed an intermittent fasting diet?,false,
2025-11-17 02:26:03,2025-11-18 02:36:37,UTC+05:30,Took Iron supplements?,false,
2025-11-17 02:26:03,2025-11-18 02:36:37,UTC+05:30,Ate food close to bedtime?,false,
2025-11-17 02:26:03,2025-11-18 02:36:37,UTC+05:30,Consumed magnesium?,false,
2025-11-17 02:26:03,2025-11-18 02:36:37,UTC+05:30,Took a magnesium supplement?,false,
2025-11-17 02:26:03,2025-11-18 02:36:37,UTC+05:30,Masturbated?,true,
2025-11-17 02:26:03,2025-11-18 02:36:37,UTC+05:30,Consumed meat?,true,
2025-11-17 02:26:03,2025-11-18 02:36:37,UTC+05:30,Took omega 3 supplement?,false,
2025-11-17 02:26:03,2025-11-18 02:36:37,UTC+05:30,Walked after a meal?,true,
2025-11-17 02:26:03,2025-11-18 02:36:37,UTC+05:30,Consumed protein?,false,
2025-11-17 02:26:03,2025-11-18 02:36:37,UTC+05:30,Took vitamin B-12?,false,
2025-11-17 02:26:03,2025-11-18 02:36:37,UTC+05:30,Took vitamin C?,false,
2025-11-17 02:26:03,2025-11-18 02:36:37,UTC+05:30,Took vitamin D?,false,
2025-11-17 02:26:03,2025-11-18 02:36:37,UTC+05:30,Took a zinc supplement?,false,
2025-11-06 01:07:59,2025-11-07 01:30:16,UTC+05:30,Avoided processed foods?,true,
2025-11-06 01:07:59,2025-11-07 01:30:16,UTC+05:30,Took a cold shower?,true,
2025-11-06 01:07:59,2025-11-07 01:30:16,UTC+05:30,Consumed dairy?,true,
2025-11-06 01:07:59,2025-11-07 01:30:16,UTC+05:30,Consumed fiber?,true,
2025-11-06 01:07:59,2025-11-07 01:30:16,UTC+05:30,Experienced heartburn?,false,
2025-11-06 01:07:59,2025-11-07 01:30:16,UTC+05:30,Followed an intermittent fasting diet?,false,
2025-11-06 01:07:59,2025-11-07 01:30:16,UTC+05:30,Took Iron supplements?,false,
2025-11-06 01:07:59,2025-11-07 01:30:16,UTC+05:30,Ate food close to bedtime?,false,
2025-11-06 01:07:59,2025-11-07 01:30:16,UTC+05:30,Consumed magnesium?,false,
2025-11-06 01:07:59,2025-11-07 01:30:16,UTC+05:30,Took a magnesium supplement?,false,
2025-11-06 01:07:59,2025-11-07 01:30:16,UTC+05:30,Masturbated?,false,
2025-11-06 01:07:59,2025-11-07 01:30:16,UTC+05:30,Consumed meat?,false,
2025-11-06 01:07:59,2025-11-07 01:30:16,UTC+05:30,Took omega 3 supplement?,false,
2025-11-06 01:07:59,2025-11-07 01:30:16,UTC+05:30,Walked after a meal?,true,
2025-11-06 01:07:59,2025-11-07 01:30:16,UTC+05:30,Consumed protein?,false,
2025-11-06 01:07:59,2025-11-07 01:30:16,UTC+05:30,Took vitamin B-12?,false,
2025-11-06 01:07:59,2025-11-07 01:30:16,UTC+05:30,Took vitamin C?,false,
2025-11-06 01:07:59,2025-11-07 01:30:16,UTC+05:30,Took vitamin D?,false,
2025-11-06 01:07:59,2025-11-07 01:30:16,UTC+05:30,Took a zinc supplement?,false,
2025-10-28 02:36:17,2025-10-29 03:49:33,UTC+05:30,Avoided processed foods?,true,
2025-10-28 02:36:17,2025-10-29 03:49:33,UTC+05:30,Took a cold shower?,false,
2025-10-28 02:36:17,2025-10-29 03:49:33,UTC+05:30,Consumed dairy?,false,
2025-10-28 02:36:17,2025-10-29 03:49:33,UTC+05:30,Consumed fiber?,false,
2025-10-28 02:36:17,2025-10-29 03:49:33,UTC+05:30,Experienced heartburn?,false,
2025-10-28 02:36:17,2025-10-29 03:49:33,UTC+05:30,Followed an intermittent fasting diet?,false,
2025-10-28 02:36:17,2025-10-29 03:49:33,UTC+05:30,Took Iron supplements?,false,
2025-10-28 02:36:17,2025-10-29 03:49:33,UTC+05:30,Ate food close to bedtime?,false,
2025-10-28 02:36:17,2025-10-29 03:49:33,UTC+05:30,Consumed magnesium?,false,
2025-10-28 02:36:17,2025-10-29 03:49:33,UTC+05:30,Took a magnesium supplement?,false,
2025-10-28 02:36:17,2025-10-29 03:49:33,UTC+05:30,Masturbated?,false,
2025-10-28 02:36:17,2025-10-29 03:49:33,UTC+05:30,Consumed meat?,false,
2025-10-28 02:36:17,2025-10-29 03:49:33,UTC+05:30,Took omega 3 supplement?,false,
2025-10-28 02:36:17,2025-10-29 03:49:33,UTC+05:30,Walked after a meal?,false,
2025-10-28 02:36:17,2025-10-29 03:49:33,UTC+05:30,Consumed protein?,false,
2025-10-28 02:36:17,2025-10-29 03:49:33,UTC+05:30,Took vitamin B-12?,false,
2025-10-28 02:36:17,2025-10-29 03:49:33,UTC+05:30,Took vitamin C?,false,
2025-10-28 02:36:17,2025-10-29 03:49:33,UTC+05:30,Took vitamin D?,false,
2025-10-28 02:36:17,2025-10-29 03:49:33,UTC+05:30,Took a zinc supplement?,false,
2025-10-10 01:05:18,2025-10-11 02:01:29,UTC+05:30,Avoided processed foods?,true,
2025-10-10 01:05:18,2025-10-11 02:01:29,UTC+05:30,Took a cold shower?,true,
2025-10-10 01:05:18,2025-10-11 02:01:29,UTC+05:30,Consumed dairy?,true,
2025-10-10 01:05:18,2025-10-11 02:01:29,UTC+05:30,Consumed fiber?,false,
2025-10-10 01:05:18,2025-10-11 02:01:29,UTC+05:30,Experienced heartburn?,false,
2025-10-10 01:05:18,2025-10-11 02:01:29,UTC+05:30,Followed an intermittent fasting diet?,true,
2025-10-10 01:05:18,2025-10-11 02:01:29,UTC+05:30,Took Iron supplements?,true,
2025-10-10 01:05:18,2025-10-11 02:01:29,UTC+05:30,Ate food close to bedtime?,false,
2025-10-10 01:05:18,2025-10-11 02:01:29,UTC+05:30,Consumed magnesium?,true,
2025-10-10 01:05:18,2025-10-11 02:01:29,UTC+05:30,Took a magnesium supplement?,true,
2025-10-10 01:05:18,2025-10-11 02:01:29,UTC+05:30,Masturbated?,true,
2025-10-10 01:05:18,2025-10-11 02:01:29,UTC+05:30,Consumed meat?,true,
2025-10-10 01:05:18,2025-10-11 02:01:29,UTC+05:30,Took omega 3 supplement?,true,
2025-10-10 01:05:18,2025-10-11 02:01:29,UTC+05:30,Walked after a meal?,false,
2025-10-10 01:05:18,2025-10-11 02:01:29,UTC+05:30,Consumed protein?,false,
2025-10-10 01:05:18,2025-10-11 02:01:29,UTC+05:30,Took vitamin B-12?,true,
2025-10-10 01:05:18,2025-10-11 02:01:29,UTC+05:30,Took vitamin C?,true,
2025-10-10 01:05:18,2025-10-11 02:01:29,UTC+05:30,Took vitamin D?,true,
2025-10-10 01:05:18,2025-10-11 02:01:29,UTC+05:30,Took a zinc supplement?,true,
2025-10-09 00:48:34,2025-10-10 01:05:18,UTC+05:30,Avoided processed foods?,true,
2025-10-09 00:48:34,2025-10-10 01:05:18,UTC+05:30,Took a cold shower?,false,
2025-10-09 00:48:34,2025-10-10 01:05:18,UTC+05:30,Consumed dairy?,true,
2025-10-09 00:48:34,2025-10-10 01:05:18,UTC+05:30,Consumed fiber?,true,
2025-10-09 00:48:34,2025-10-10 01:05:18,UTC+05:30,Experienced heartburn?,false,
2025-10-09 00:48:34,2025-10-10 01:05:18,UTC+05:30,Followed an intermittent fasting diet?,true,
2025-10-09 00:48:34,2025-10-10 01:05:18,UTC+05:30,Took Iron supplements?,false,
2025-10-09 00:48:34,2025-10-10 01:05:18,UTC+05:30,Ate food close to bedtime?,false,
2025-10-09 00:48:34,2025-10-10 01:05:18,UTC+05:30,Consumed magnesium?,false,
2025-10-09 00:48:34,2025-10-10 01:05:18,UTC+05:30,Took a magnesium supplement?,false,
2025-10-09 00:48:34,2025-10-10 01:05:18,UTC+05:30,Masturbated?,true,
2025-10-09 00:48:34,2025-10-10 01:05:18,UTC+05:30,Consumed meat?,true,
2025-10-09 00:48:34,2025-10-10 01:05:18,UTC+05:30,Took omega 3 supplement?,false,
2025-10-09 00:48:34,2025-10-10 01:05:18,UTC+05:30,Walked after a meal?,false,
2025-10-09 00:48:34,2025-10-10 01:05:18,UTC+05:30,Consumed protein?,false,
2025-10-09 00:48:34,2025-10-10 01:05:18,UTC+05:30,Took vitamin B-12?,false,
2025-10-09 00:48:34,2025-10-10 01:05:18,UTC+05:30,Took vitamin C?,false,
2025-10-09 00:48:34,2025-10-10 01:05:18,UTC+05:30,Took vitamin D?,false,
2025-10-09 00:48:34,2025-10-10 01:05:18,UTC+05:30,Took a zinc supplement?,false,
2025-10-08 02:07:04,2025-10-09 00:48:34,UTC+05:30,Avoided processed foods?,true,
2025-10-08 02:07:04,2025-10-09 00:48:34,UTC+05:30,Took a cold shower?,false,
2025-10-08 02:07:04,2025-10-09 00:48:34,UTC+05:30,Consumed dairy?,false,
2025-10-08 02:07:04,2025-10-09 00:48:34,UTC+05:30,Consumed fiber?,false,
2025-10-08 02:07:04,2025-10-09 00:48:34,UTC+05:30,Experienced heartburn?,false,
2025-10-08 02:07:04,2025-10-09 00:48:34,UTC+05:30,Followed an intermittent fasting diet?,true,
2025-10-08 02:07:04,2025-10-09 00:48:34,UTC+05:30,Took Iron supplements?,false,
2025-10-08 02:07:04,2025-10-09 00:48:34,UTC+05:30,Ate food close to bedtime?,false,
2025-10-08 02:07:04,2025-10-09 00:48:34,UTC+05:30,Consumed magnesium?,false,
2025-10-08 02:07:04,2025-10-09 00:48:34,UTC+05:30,Took a magnesium supplement?,false,
2025-10-08 02:07:04,2025-10-09 00:48:34,UTC+05:30,Masturbated?,true,
2025-10-08 02:07:04,2025-10-09 00:48:34,UTC+05:30,Consumed meat?,false,
2025-10-08 02:07:04,2025-10-09 00:48:34,UTC+05:30,Took omega 3 supplement?,false,
2025-10-08 02:07:04,2025-10-09 00:48:34,UTC+05:30,Walked after a meal?,false,
2025-10-08 02:07:04,2025-10-09 00:48:34,UTC+05:30,Consumed protein?,false,
2025-10-08 02:07:04,2025-10-09 00:48:34,UTC+05:30,Took vitamin B-12?,false,
2025-10-08 02:07:04,2025-10-09 00:48:34,UTC+05:30,Took vitamin C?,false,
2025-10-08 02:07:04,2025-10-09 00:48:34,UTC+05:30,Took vitamin D?,false,
2025-10-08 02:07:04,2025-10-09 00:48:34,UTC+05:30,Took a zinc supplement?,false,
2025-10-07 01:27:32,2025-10-08 02:07:04,UTC+05:30,Avoided processed foods?,true,
2025-10-07 01:27:32,2025-10-08 02:07:04,UTC+05:30,Took a cold shower?,true,
2025-10-07 01:27:32,2025-10-08 02:07:04,UTC+05:30,Consumed dairy?,true,
2025-10-07 01:27:32,2025-10-08 02:07:04,UTC+05:30,Consumed fiber?,true,
2025-10-07 01:27:32,2025-10-08 02:07:04,UTC+05:30,Experienced heartburn?,false,
2025-10-07 01:27:32,2025-10-08 02:07:04,UTC+05:30,Followed an intermittent fasting diet?,true,
2025-10-07 01:27:32,2025-10-08 02:07:04,UTC+05:30,Took Iron supplements?,false,
2025-10-07 01:27:32,2025-10-08 02:07:04,UTC+05:30,Ate food close to bedtime?,false,
2025-10-07 01:27:32,2025-10-08 02:07:04,UTC+05:30,Consumed magnesium?,false,
2025-10-07 01:27:32,2025-10-08 02:07:04,UTC+05:30,Took a magnesium supplement?,false,
2025-10-07 01:27:32,2025-10-08 02:07:04,UTC+05:30,Masturbated?,true,
2025-10-07 01:27:32,2025-10-08 02:07:04,UTC+05:30,Consumed meat?,true,
2025-10-07 01:27:32,2025-10-08 02:07:04,UTC+05:30,Took omega 3 supplement?,false,
2025-10-07 01:27:32,2025-10-08 02:07:04,UTC+05:30,Walked after a meal?,false,
2025-10-07 01:27:32,2025-10-08 02:07:04,UTC+05:30,Consumed protein?,false,
2025-10-07 01:27:32,2025-10-08 02:07:04,UTC+05:30,Took vitamin B-12?,false,
2025-10-07 01:27:32,2025-10-08 02:07:04,UTC+05:30,Took vitamin C?,false,
2025-10-07 01:27:32,2025-10-08 02:07:04,UTC+05:30,Took vitamin D?,false,
2025-10-07 01:27:32,2025-10-08 02:07:04,UTC+05:30,Took a zinc supplement?,false,
2025-10-06 01:17:33,2025-10-07 01:27:32,UTC+05:30,Avoided processed foods?,true,
2025-10-06 01:17:33,2025-10-07 01:27:32,UTC+05:30,Took a cold shower?,false,
2025-10-06 01:17:33,2025-10-07 01:27:32,UTC+05:30,Consumed dairy?,false,
2025-10-06 01:17:33,2025-10-07 01:27:32,UTC+05:30,Consumed fiber?,false,
2025-10-06 01:17:33,2025-10-07 01:27:32,UTC+05:30,Experienced heartburn?,false,
2025-10-06 01:17:33,2025-10-07 01:27:32,UTC+05:30,Followed an intermittent fasting diet?,false,
2025-10-06 01:17:33,2025-10-07 01:27:32,UTC+05:30,Took Iron supplements?,false,
2025-10-06 01:17:33,2025-10-07 01:27:32,UTC+05:30,Ate food close to bedtime?,false,
2025-10-06 01:17:33,2025-10-07 01:27:32,UTC+05:30,Consumed magnesium?,false,
2025-10-06 01:17:33,2025-10-07 01:27:32,UTC+05:30,Took a magnesium supplement?,false,
2025-10-06 01:17:33,2025-10-07 01:27:32,UTC+05:30,Masturbated?,true,
2025-10-06 01:17:33,2025-10-07 01:27:32,UTC+05:30,Consumed meat?,false,
2025-10-06 01:17:33,2025-10-07 01:27:32,UTC+05:30,Took omega 3 supplement?,false,
2025-10-06 01:17:33,2025-10-07 01:27:32,UTC+05:30,Walked after a meal?,false,
2025-10-06 01:17:33,2025-10-07 01:27:32,UTC+05:30,Consumed protein?,false,
2025-10-06 01:17:33,2025-10-07 01:27:32,UTC+05:30,Took vitamin B-12?,false,
2025-10-06 01:17:33,2025-10-07 01:27:32,UTC+05:30,Took vitamin C?,false,
2025-10-06 01:17:33,2025-10-07 01:27:32,UTC+05:30,Took vitamin D?,false,
2025-10-06 01:17:33,2025-10-07 01:27:32,UTC+05:30,Took a zinc supplement?,false,
2025-10-03 04:53:18,2025-10-04 00:33:28,UTC+05:30,Avoided processed foods?,true,
2025-10-03 04:53:18,2025-10-04 00:33:28,UTC+05:30,Took a cold shower?,true,
2025-10-03 04:53:18,2025-10-04 00:33:28,UTC+05:30,Consumed dairy?,true,
2025-10-03 04:53:18,2025-10-04 00:33:28,UTC+05:30,Consumed fiber?,false,
2025-10-03 04:53:18,2025-10-04 00:33:28,UTC+05:30,Experienced heartburn?,false,
2025-10-03 04:53:18,2025-10-04 00:33:28,UTC+05:30,Followed an intermittent fasting diet?,true,
2025-10-03 04:53:18,2025-10-04 00:33:28,UTC+05:30,Took Iron supplements?,true,
2025-10-03 04:53:18,2025-10-04 00:33:28,UTC+05:30,Ate food close to bedtime?,false,
2025-10-03 04:53:18,2025-10-04 00:33:28,UTC+05:30,Consumed magnesium?,true,
2025-10-03 04:53:18,2025-10-04 00:33:28,UTC+05:30,Took a magnesium supplement?,true,
2025-10-03 04:53:18,2025-10-04 00:33:28,UTC+05:30,Masturbated?,true,
2025-10-03 04:53:18,2025-10-04 00:33:28,UTC+05:30,Consumed meat?,true,
2025-10-03 04:53:18,2025-10-04 00:33:28,UTC+05:30,Took omega 3 supplement?,true,
2025-10-03 04:53:18,2025-10-04 00:33:28,UTC+05:30,Walked after a meal?,true,
2025-10-03 04:53:18,2025-10-04 00:33:28,UTC+05:30,Consumed protein?,false,
2025-10-03 04:53:18,2025-10-04 00:33:28,UTC+05:30,Took vitamin B-12?,true,
2025-10-03 04:53:18,2025-10-04 00:33:28,UTC+05:30,Took vitamin C?,true,
2025-10-03 04:53:18,2025-10-04 00:33:28,UTC+05:30,Took vitamin D?,true,
2025-10-03 04:53:18,2025-10-04 00:33:28,UTC+05:30,Took a zinc supplement?,true,
2025-10-02 00:58:42,2025-10-03 04:53:18,UTC+05:30,Avoided processed foods?,true,
2025-10-02 00:58:42,2025-10-03 04:53:18,UTC+05:30,Took a cold shower?,false,
2025-10-02 00:58:42,2025-10-03 04:53:18,UTC+05:30,Consumed dairy?,true,
2025-10-02 00:58:42,2025-10-03 04:53:18,UTC+05:30,Consumed fiber?,true,
2025-10-02 00:58:42,2025-10-03 04:53:18,UTC+05:30,Experienced heartburn?,false,
2025-10-02 00:58:42,2025-10-03 04:53:18,UTC+05:30,Followed an intermittent fasting diet?,false,
2025-10-02 00:58:42,2025-10-03 04:53:18,UTC+05:30,Took Iron supplements?,false,
2025-10-02 00:58:42,2025-10-03 04:53:18,UTC+05:30,Ate food close to bedtime?,false,
2025-10-02 00:58:42,2025-10-03 04:53:18,UTC+05:30,Consumed magnesium?,true,
2025-10-02 00:58:42,2025-10-03 04:53:18,UTC+05:30,Took a magnesium supplement?,false,
2025-10-02 00:58:42,2025-10-03 04:53:18,UTC+05:30,Masturbated?,true,
2025-10-02 00:58:42,2025-10-03 04:53:18,UTC+05:30,Consumed meat?,true,
2025-10-02 00:58:42,2025-10-03 04:53:18,UTC+05:30,Took omega 3 supplement?,false,
2025-10-02 00:58:42,2025-10-03 04:53:18,UTC+05:30,Walked after a meal?,false,
2025-10-02 00:58:42,2025-10-03 04:53:18,UTC+05:30,Consumed protein?,false,
2025-10-02 00:58:42,2025-10-03 04:53:18,UTC+05:30,Took vitamin B-12?,false,
2025-10-02 00:58:42,2025-10-03 04:53:18,UTC+05:30,Took vitamin C?,false,
2025-10-02 00:58:42,2025-10-03 04:53:18,UTC+05:30,Took vitamin D?,false,
2025-10-02 00:58:42,2025-10-03 04:53:18,UTC+05:30,Took a zinc supplement?,false,
2025-10-01 00:16:15,2025-10-02 00:58:42,UTC+05:30,Avoided processed foods?,false,
2025-10-01 00:16:15,2025-10-02 00:58:42,UTC+05:30,Took a cold shower?,true,
2025-10-01 00:16:15,2025-10-02 00:58:42,UTC+05:30,Consumed dairy?,true,
2025-10-01 00:16:15,2025-10-02 00:58:42,UTC+05:30,Consumed fiber?,false,
2025-10-01 00:16:15,2025-10-02 00:58:42,UTC+05:30,Experienced heartburn?,false,
2025-10-01 00:16:15,2025-10-02 00:58:42,UTC+05:30,Followed an intermittent fasting diet?,true,
2025-10-01 00:16:15,2025-10-02 00:58:42,UTC+05:30,Took Iron supplements?,true,
2025-10-01 00:16:15,2025-10-02 00:58:42,UTC+05:30,Ate food close to bedtime?,false,
2025-10-01 00:16:15,2025-10-02 00:58:42,UTC+05:30,Consumed magnesium?,true,
2025-10-01 00:16:15,2025-10-02 00:58:42,UTC+05:30,Took a magnesium supplement?,true,
2025-10-01 00:16:15,2025-10-02 00:58:42,UTC+05:30,Masturbated?,true,
2025-10-01 00:16:15,2025-10-02 00:58:42,UTC+05:30,Consumed meat?,false,
2025-10-01 00:16:15,2025-10-02 00:58:42,UTC+05:30,Took omega 3 supplement?,false,
2025-10-01 00:16:15,2025-10-02 00:58:42,UTC+05:30,Walked after a meal?,false,
2025-10-01 00:16:15,2025-10-02 00:58:42,UTC+05:30,Consumed protein?,false,
2025-10-01 00:16:15,2025-10-02 00:58:42,UTC+05:30,Took vitamin B-12?,true,
2025-10-01 00:16:15,2025-10-02 00:58:42,UTC+05:30,Took vitamin C?,true,
2025-10-01 00:16:15,2025-10-02 00:58:42,UTC+05:30,Took vitamin D?,true,
2025-10-01 00:16:15,2025-10-02 00:58:42,UTC+05:30,Took a zinc supplement?,true,
2025-09-30 02:26:14,2025-10-01 00:16:15,UTC+05:30,Avoided processed foods?,true,
2025-09-30 02:26:14,2025-10-01 00:16:15,UTC+05:30,Took a cold shower?,true,
2025-09-30 02:26:14,2025-10-01 00:16:15,UTC+05:30,Consumed dairy?,true,
2025-09-30 02:26:14,2025-10-01 00:16:15,UTC+05:30,Consumed fiber?,false,
2025-09-30 02:26:14,2025-10-01 00:16:15,UTC+05:30,Experienced heartburn?,false,
2025-09-30 02:26:14,2025-10-01 00:16:15,UTC+05:30,Followed an intermittent fasting diet?,false,
2025-09-30 02:26:14,2025-10-01 00:16:15,UTC+05:30,Took Iron supplements?,true,
2025-09-30 02:26:14,2025-10-01 00:16:15,UTC+05:30,Ate food close to bedtime?,false,
2025-09-30 02:26:14,2025-10-01 00:16:15,UTC+05:30,Consumed magnesium?,true,
2025-09-30 02:26:14,2025-10-01 00:16:15,UTC+05:30,Took a magnesium supplement?,true,
2025-09-30 02:26:14,2025-10-01 00:16:15,UTC+05:30,Masturbated?,true,
2025-09-30 02:26:14,2025-10-01 00:16:15,UTC+05:30,Consumed meat?,false,
2025-09-30 02:26:14,2025-10-01 00:16:15,UTC+05:30,Took omega 3 supplement?,false,
2025-09-30 02:26:14,2025-10-01 00:16:15,UTC+05:30,Walked after a meal?,false,
2025-09-30 02:26:14,2025-10-01 00:16:15,UTC+05:30,Consumed protein?,false,
2025-09-30 02:26:14,2025-10-01 00:16:15,UTC+05:30,Took vitamin B-12?,true,
2025-09-30 02:26:14,2025-10-01 00:16:15,UTC+05:30,Took vitamin C?,true,
2025-09-30 02:26:14,2025-10-01 00:16:15,UTC+05:30,Took vitamin D?,true,
2025-09-30 02:26:14,2025-10-01 00:16:15,UTC+05:30,Took a zinc supplement?,true,
2025-09-29 03:36:44,2025-09-30 02:26:14,UTC+05:30,Avoided processed foods?,true,
2025-09-29 03:36:44,2025-09-30 02:26:14,UTC+05:30,Took a cold shower?,false,
2025-09-29 03:36:44,2025-09-30 02:26:14,UTC+05:30,Consumed dairy?,false,
2025-09-29 03:36:44,2025-09-30 02:26:14,UTC+05:30,Consumed fiber?,false,
2025-09-29 03:36:44,2025-09-30 02:26:14,UTC+05:30,Experienced heartburn?,false,
2025-09-29 03:36:44,2025-09-30 02:26:14,UTC+05:30,Followed an intermittent fasting diet?,false,
2025-09-29 03:36:44,2025-09-30 02:26:14,UTC+05:30,Took Iron supplements?,false,
2025-09-29 03:36:44,2025-09-30 02:26:14,UTC+05:30,Ate food close to bedtime?,false,
2025-09-29 03:36:44,2025-09-30 02:26:14,UTC+05:30,Consumed magnesium?,false,
2025-09-29 03:36:44,2025-09-30 02:26:14,UTC+05:30,Took a magnesium supplement?,false,
2025-09-29 03:36:44,2025-09-30 02:26:14,UTC+05:30,Masturbated?,true,
2025-09-29 03:36:44,2025-09-30 02:26:14,UTC+05:30,Consumed meat?,false,
2025-09-29 03:36:44,2025-09-30 02:26:14,UTC+05:30,Took omega 3 supplement?,false,
2025-09-29 03:36:44,2025-09-30 02:26:14,UTC+05:30,Walked after a meal?,false,
2025-09-29 03:36:44,2025-09-30 02:26:14,UTC+05:30,Consumed protein?,false,
2025-09-29 03:36:44,2025-09-30 02:26:14,UTC+05:30,Took vitamin B-12?,false,
2025-09-29 03:36:44,2025-09-30 02:26:14,UTC+05:30,Took vitamin C?,false,
2025-09-29 03:36:44,2025-09-30 02:26:14,UTC+05:30,Took vitamin D?,false,
2025-09-29 03:36:44,2025-09-30 02:26:14,UTC+05:30,Took a zinc supplement?,false,
2025-09-27 01:27:39,2025-09-28 02:15:10,UTC+05:30,Avoided processed foods?,true,
2025-09-27 01:27:39,2025-09-28 02:15:10,UTC+05:30,Took a cold shower?,true,
2025-09-27 01:27:39,2025-09-28 02:15:10,UTC+05:30,Consumed dairy?,true,
2025-09-27 01:27:39,2025-09-28 02:15:10,UTC+05:30,Consumed fiber?,false,
2025-09-27 01:27:39,2025-09-28 02:15:10,UTC+05:30,Experienced heartburn?,false,
2025-09-27 01:27:39,2025-09-28 02:15:10,UTC+05:30,Followed an intermittent fasting diet?,false,
2025-09-27 01:27:39,2025-09-28 02:15:10,UTC+05:30,Took Iron supplements?,true,
2025-09-27 01:27:39,2025-09-28 02:15:10,UTC+05:30,Ate food close to bedtime?,false,
2025-09-27 01:27:39,2025-09-28 02:15:10,UTC+05:30,Consumed magnesium?,true,
2025-09-27 01:27:39,2025-09-28 02:15:10,UTC+05:30,Took a magnesium supplement?,true,
2025-09-27 01:27:39,2025-09-28 02:15:10,UTC+05:30,Masturbated?,true,
2025-09-27 01:27:39,2025-09-28 02:15:10,UTC+05:30,Consumed meat?,false,
2025-09-27 01:27:39,2025-09-28 02:15:10,UTC+05:30,Took omega 3 supplement?,false,
2025-09-27 01:27:39,2025-09-28 02:15:10,UTC+05:30,Walked after a meal?,true,
2025-09-27 01:27:39,2025-09-28 02:15:10,UTC+05:30,Consumed protein?,false,
2025-09-27 01:27:39,2025-09-28 02:15:10,UTC+05:30,Took vitamin B-12?,true,
2025-09-27 01:27:39,2025-09-28 02:15:10,UTC+05:30,Took vitamin C?,true,
2025-09-27 01:27:39,2025-09-28 02:15:10,UTC+05:30,Took vitamin D?,true,
2025-09-27 01:27:39,2025-09-28 02:15:10,UTC+05:30,Took a zinc supplement?,true,
2025-09-24 01:05:36,2025-09-25 01:03:11,UTC+05:30,Avoided processed foods?,true,
2025-09-24 01:05:36,2025-09-25 01:03:11,UTC+05:30,Took a cold shower?,false,
2025-09-24 01:05:36,2025-09-25 01:03:11,UTC+05:30,Consumed dairy?,true,
2025-09-24 01:05:36,2025-09-25 01:03:11,UTC+05:30,Consumed fiber?,false,
2025-09-24 01:05:36,2025-09-25 01:03:11,UTC+05:30,Experienced heartburn?,false,
2025-09-24 01:05:36,2025-09-25 01:03:11,UTC+05:30,Followed an intermittent fasting diet?,false,
2025-09-24 01:05:36,2025-09-25 01:03:11,UTC+05:30,Took Iron supplements?,false,
2025-09-24 01:05:36,2025-09-25 01:03:11,UTC+05:30,Ate food close to bedtime?,true,
2025-09-24 01:05:36,2025-09-25 01:03:11,UTC+05:30,Consumed magnesium?,false,
2025-09-24 01:05:36,2025-09-25 01:03:11,UTC+05:30,Took a magnesium supplement?,false,
2025-09-24 01:05:36,2025-09-25 01:03:11,UTC+05:30,Masturbated?,true,
2025-09-24 01:05:36,2025-09-25 01:03:11,UTC+05:30,Consumed meat?,false,
2025-09-24 01:05:36,2025-09-25 01:03:11,UTC+05:30,Took omega 3 supplement?,false,
2025-09-24 01:05:36,2025-09-25 01:03:11,UTC+05:30,Walked after a meal?,false,
2025-09-24 01:05:36,2025-09-25 01:03:11,UTC+05:30,Consumed protein?,false,
2025-09-24 01:05:36,2025-09-25 01:03:11,UTC+05:30,Took vitamin B-12?,false,
2025-09-24 01:05:36,2025-09-25 01:03:11,UTC+05:30,Took vitamin C?,false,
2025-09-24 01:05:36,2025-09-25 01:03:11,UTC+05:30,Took vitamin D?,false,
2025-09-24 01:05:36,2025-09-25 01:03:11,UTC+05:30,Took a zinc supplement?,false,
2025-09-25 01:03:11,2025-09-26 00:42:59,UTC+05:30,Avoided processed foods?,true,
2025-09-25 01:03:11,2025-09-26 00:42:59,UTC+05:30,Took a cold shower?,false,
2025-09-25 01:03:11,2025-09-26 00:42:59,UTC+05:30,Consumed dairy?,true,
2025-09-25 01:03:11,2025-09-26 00:42:59,UTC+05:30,Consumed fiber?,false,
2025-09-25 01:03:11,2025-09-26 00:42:59,UTC+05:30,Experienced heartburn?,false,
2025-09-25 01:03:11,2025-09-26 00:42:59,UTC+05:30,Followed an intermittent fasting diet?,false,
2025-09-25 01:03:11,2025-09-26 00:42:59,UTC+05:30,Took Iron supplements?,false,
2025-09-25 01:03:11,2025-09-26 00:42:59,UTC+05:30,Ate food close to bedtime?,false,
2025-09-25 01:03:11,2025-09-26 00:42:59,UTC+05:30,Consumed magnesium?,false,
2025-09-25 01:03:11,2025-09-26 00:42:59,UTC+05:30,Took a magnesium supplement?,false,
2025-09-25 01:03:11,2025-09-26 00:42:59,UTC+05:30,Masturbated?,false,
2025-09-25 01:03:11,2025-09-26 00:42:59,UTC+05:30,Consumed meat?,false,
2025-09-25 01:03:11,2025-09-26 00:42:59,UTC+05:30,Took omega 3 supplement?,false,
2025-09-25 01:03:11,2025-09-26 00:42:59,UTC+05:30,Walked after a meal?,false,
2025-09-25 01:03:11,2025-09-26 00:42:59,UTC+05:30,Consumed protein?,false,
2025-09-25 01:03:11,2025-09-26 00:42:59,UTC+05:30,Took vitamin B-12?,false,
2025-09-25 01:03:11,2025-09-26 00:42:59,UTC+05:30,Took vitamin C?,false,
2025-09-25 01:03:11,2025-09-26 00:42:59,UTC+05:30,Took vitamin D?,false,
2025-09-25 01:03:11,2025-09-26 00:42:59,UTC+05:30,Took a zinc supplement?,false,
2025-09-19 02:13:32,2025-09-19 23:50:22,UTC+05:30,Avoided processed foods?,true,
2025-09-19 02:13:32,2025-09-19 23:50:22,UTC+05:30,Took a cold shower?,false,
2025-09-19 02:13:32,2025-09-19 23:50:22,UTC+05:30,Consumed dairy?,false,
2025-09-19 02:13:32,2025-09-19 23:50:22,UTC+05:30,Consumed fiber?,true,
2025-09-19 02:13:32,2025-09-19 23:50:22,UTC+05:30,Experienced heartburn?,false,
2025-09-19 02:13:32,2025-09-19 23:50:22,UTC+05:30,Followed an intermittent fasting diet?,false,
2025-09-19 02:13:32,2025-09-19 23:50:22,UTC+05:30,Took Iron supplements?,false,
2025-09-19 02:13:32,2025-09-19 23:50:22,UTC+05:30,Ate food close to bedtime?,false,
2025-09-19 02:13:32,2025-09-19 23:50:22,UTC+05:30,Consumed magnesium?,false,
2025-09-19 02:13:32,2025-09-19 23:50:22,UTC+05:30,Took a magnesium supplement?,false,
2025-09-19 02:13:32,2025-09-19 23:50:22,UTC+05:30,Masturbated?,true,
2025-09-19 02:13:32,2025-09-19 23:50:22,UTC+05:30,Consumed meat?,true,
2025-09-19 02:13:32,2025-09-19 23:50:22,UTC+05:30,Took omega 3 supplement?,false,
2025-09-19 02:13:32,2025-09-19 23:50:22,UTC+05:30,Walked after a meal?,false,
2025-09-19 02:13:32,2025-09-19 23:50:22,UTC+05:30,Consumed protein?,false,
2025-09-19 02:13:32,2025-09-19 23:50:22,UTC+05:30,Took vitamin B-12?,false,
2025-09-19 02:13:32,2025-09-19 23:50:22,UTC+05:30,Took vitamin C?,false,
2025-09-19 02:13:32,2025-09-19 23:50:22,UTC+05:30,Took vitamin D?,false,
2025-09-19 02:13:32,2025-09-19 23:50:22,UTC+05:30,Took a zinc supplement?,false,
2025-09-18 00:52:36,2025-09-19 02:13:32,UTC+05:30,Avoided processed foods?,true,
2025-09-18 00:52:36,2025-09-19 02:13:32,UTC+05:30,Took a cold shower?,false,
2025-09-18 00:52:36,2025-09-19 02:13:32,UTC+05:30,Consumed dairy?,true,
2025-09-18 00:52:36,2025-09-19 02:13:32,UTC+05:30,Consumed fiber?,true,
2025-09-18 00:52:36,2025-09-19 02:13:32,UTC+05:30,Experienced heartburn?,false,
2025-09-18 00:52:36,2025-09-19 02:13:32,UTC+05:30,Followed an intermittent fasting diet?,true,
2025-09-18 00:52:36,2025-09-19 02:13:32,UTC+05:30,Took Iron supplements?,true,
2025-09-18 00:52:36,2025-09-19 02:13:32,UTC+05:30,Ate food close to bedtime?,true,
2025-09-18 00:52:36,2025-09-19 02:13:32,UTC+05:30,Consumed magnesium?,true,
2025-09-18 00:52:36,2025-09-19 02:13:32,UTC+05:30,Took a magnesium supplement?,true,
2025-09-18 00:52:36,2025-09-19 02:13:32,UTC+05:30,Masturbated?,true,
2025-09-18 00:52:36,2025-09-19 02:13:32,UTC+05:30,Consumed meat?,true,
2025-09-18 00:52:36,2025-09-19 02:13:32,UTC+05:30,Took omega 3 supplement?,true,
2025-09-18 00:52:36,2025-09-19 02:13:32,UTC+05:30,Walked after a meal?,false,
2025-09-18 00:52:36,2025-09-19 02:13:32,UTC+05:30,Consumed protein?,true,
2025-09-18 00:52:36,2025-09-19 02:13:32,UTC+05:30,Took vitamin B-12?,true,
2025-09-18 00:52:36,2025-09-19 02:13:32,UTC+05:30,Took vitamin C?,true,
2025-09-18 00:52:36,2025-09-19 02:13:32,UTC+05:30,Took vitamin D?,true,
2025-09-18 00:52:36,2025-09-19 02:13:32,UTC+05:30,Took a zinc supplement?,true,
2025-09-17 00:00:18,2025-09-18 00:52:36,UTC+05:30,Avoided processed foods?,true,
2025-09-17 00:00:18,2025-09-18 00:52:36,UTC+05:30,Took a cold shower?,true,
2025-09-17 00:00:18,2025-09-18 00:52:36,UTC+05:30,Consumed dairy?,false,
2025-09-17 00:00:18,2025-09-18 00:52:36,UTC+05:30,Consumed fiber?,true,
2025-09-17 00:00:18,2025-09-18 00:52:36,UTC+05:30,Experienced heartburn?,false,
2025-09-17 00:00:18,2025-09-18 00:52:36,UTC+05:30,Followed an intermittent fasting diet?,true,
2025-09-17 00:00:18,2025-09-18 00:52:36,UTC+05:30,Took Iron supplements?,true,
2025-09-17 00:00:18,2025-09-18 00:52:36,UTC+05:30,Ate food close to bedtime?,false,
2025-09-17 00:00:18,2025-09-18 00:52:36,UTC+05:30,Consumed magnesium?,true,
2025-09-17 00:00:18,2025-09-18 00:52:36,UTC+05:30,Took a magnesium supplement?,true,
2025-09-17 00:00:18,2025-09-18 00:52:36,UTC+05:30,Masturbated?,true,
2025-09-17 00:00:18,2025-09-18 00:52:36,UTC+05:30,Consumed meat?,true,
2025-09-17 00:00:18,2025-09-18 00:52:36,UTC+05:30,Took omega 3 supplement?,true,
2025-09-17 00:00:18,2025-09-18 00:52:36,UTC+05:30,Walked after a meal?,false,
2025-09-17 00:00:18,2025-09-18 00:52:36,UTC+05:30,Consumed protein?,false,
2025-09-17 00:00:18,2025-09-18 00:52:36,UTC+05:30,Took vitamin B-12?,true,
2025-09-17 00:00:18,2025-09-18 00:52:36,UTC+05:30,Took vitamin C?,true,
2025-09-17 00:00:18,2025-09-18 00:52:36,UTC+05:30,Took vitamin D?,true,
2025-09-17 00:00:18,2025-09-18 00:52:36,UTC+05:30,Took a zinc supplement?,true,
2025-09-16 02:07:04,2025-09-17 00:00:18,UTC+05:30,Avoided processed foods?,false,
2025-09-16 02:07:04,2025-09-17 00:00:18,UTC+05:30,Took a cold shower?,true,
2025-09-16 02:07:04,2025-09-17 00:00:18,UTC+05:30,Consumed dairy?,false,
2025-09-16 02:07:04,2025-09-17 00:00:18,UTC+05:30,Consumed fiber?,true,
2025-09-16 02:07:04,2025-09-17 00:00:18,UTC+05:30,Experienced heartburn?,false,
2025-09-16 02:07:04,2025-09-17 00:00:18,UTC+05:30,Followed an intermittent fasting diet?,true,
2025-09-16 02:07:04,2025-09-17 00:00:18,UTC+05:30,Took Iron supplements?,true,
2025-09-16 02:07:04,2025-09-17 00:00:18,UTC+05:30,Ate food close to bedtime?,true,
2025-09-16 02:07:04,2025-09-17 00:00:18,UTC+05:30,Consumed magnesium?,true,
2025-09-16 02:07:04,2025-09-17 00:00:18,UTC+05:30,Took a magnesium supplement?,true,
2025-09-16 02:07:04,2025-09-17 00:00:18,UTC+05:30,Masturbated?,true,
2025-09-16 02:07:04,2025-09-17 00:00:18,UTC+05:30,Consumed meat?,true,
2025-09-16 02:07:04,2025-09-17 00:00:18,UTC+05:30,Took omega 3 supplement?,true,
2025-09-16 02:07:04,2025-09-17 00:00:18,UTC+05:30,Walked after a meal?,false,
2025-09-16 02:07:04,2025-09-17 00:00:18,UTC+05:30,Consumed protein?,true,
2025-09-16 02:07:04,2025-09-17 00:00:18,UTC+05:30,Took vitamin B-12?,true,
2025-09-16 02:07:04,2025-09-17 00:00:18,UTC+05:30,Took vitamin C?,true,
2025-09-16 02:07:04,2025-09-17 00:00:18,UTC+05:30,Took vitamin D?,true,
2025-09-16 02:07:04,2025-09-17 00:00:18,UTC+05:30,Took a zinc supplement?,true,
2025-09-14 02:47:51,2025-09-15 00:16:12,UTC+05:30,Avoided processed foods?,true,
2025-09-14 02:47:51,2025-09-15 00:16:12,UTC+05:30,Took a cold shower?,true,
2025-09-14 02:47:51,2025-09-15 00:16:12,UTC+05:30,Consumed dairy?,false,
2025-09-14 02:47:51,2025-09-15 00:16:12,UTC+05:30,Consumed fiber?,true,
2025-09-14 02:47:51,2025-09-15 00:16:12,UTC+05:30,Experienced heartburn?,false,
2025-09-14 02:47:51,2025-09-15 00:16:12,UTC+05:30,Followed an intermittent fasting diet?,false,
2025-09-14 02:47:51,2025-09-15 00:16:12,UTC+05:30,Took Iron supplements?,true,
2025-09-14 02:47:51,2025-09-15 00:16:12,UTC+05:30,Ate food close to bedtime?,false,
2025-09-14 02:47:51,2025-09-15 00:16:12,UTC+05:30,Consumed magnesium?,true,
2025-09-14 02:47:51,2025-09-15 00:16:12,UTC+05:30,Took a magnesium supplement?,true,
2025-09-14 02:47:51,2025-09-15 00:16:12,UTC+05:30,Masturbated?,true,
2025-09-14 02:47:51,2025-09-15 00:16:12,UTC+05:30,Consumed meat?,false,
2025-09-14 02:47:51,2025-09-15 00:16:12,UTC+05:30,Took omega 3 supplement?,true,
2025-09-14 02:47:51,2025-09-15 00:16:12,UTC+05:30,Walked after a meal?,true,
2025-09-14 02:47:51,2025-09-15 00:16:12,UTC+05:30,Consumed protein?,false,
2025-09-14 02:47:51,2025-09-15 00:16:12,UTC+05:30,Took vitamin B-12?,true,
2025-09-14 02:47:51,2025-09-15 00:16:12,UTC+05:30,Took vitamin C?,true,
2025-09-14 02:47:51,2025-09-15 00:16:12,UTC+05:30,Took vitamin D?,true,
2025-09-14 02:47:51,2025-09-15 00:16:12,UTC+05:30,Took a zinc supplement?,true,
2025-09-12 00:36:34,2025-09-13 00:45:32,UTC+05:30,Avoided processed foods?,true,
2025-09-12 00:36:34,2025-09-13 00:45:32,UTC+05:30,Took a cold shower?,true,
2025-09-12 00:36:34,2025-09-13 00:45:32,UTC+05:30,Consumed dairy?,true,
2025-09-12 00:36:34,2025-09-13 00:45:32,UTC+05:30,Consumed fiber?,true,
2025-09-12 00:36:34,2025-09-13 00:45:32,UTC+05:30,Experienced heartburn?,false,
2025-09-12 00:36:34,2025-09-13 00:45:32,UTC+05:30,Followed an intermittent fasting diet?,true,
2025-09-12 00:36:34,2025-09-13 00:45:32,UTC+05:30,Took Iron supplements?,true,
2025-09-12 00:36:34,2025-09-13 00:45:32,UTC+05:30,Ate food close to bedtime?,false,
2025-09-12 00:36:34,2025-09-13 00:45:32,UTC+05:30,Consumed magnesium?,true,
2025-09-12 00:36:34,2025-09-13 00:45:32,UTC+05:30,Took a magnesium supplement?,true,
2025-09-12 00:36:34,2025-09-13 00:45:32,UTC+05:30,Masturbated?,true,
2025-09-12 00:36:34,2025-09-13 00:45:32,UTC+05:30,Consumed meat?,true,
2025-09-12 00:36:34,2025-09-13 00:45:32,UTC+05:30,Took omega 3 supplement?,true,
2025-09-12 00:36:34,2025-09-13 00:45:32,UTC+05:30,Walked after a meal?,false,
2025-09-12 00:36:34,2025-09-13 00:45:32,UTC+05:30,Consumed protein?,false,
2025-09-12 00:36:34,2025-09-13 00:45:32,UTC+05:30,Took vitamin B-12?,true,
2025-09-12 00:36:34,2025-09-13 00:45:32,UTC+05:30,Took vitamin C?,true,
2025-09-12 00:36:34,2025-09-13 00:45:32,UTC+05:30,Took vitamin D?,true,
2025-09-12 00:36:34,2025-09-13 00:45:32,UTC+05:30,Took a zinc supplement?,true,
2025-09-11 00:51:09,2025-09-12 00:36:34,UTC+05:30,Avoided processed foods?,true,
2025-09-11 00:51:09,2025-09-12 00:36:34,UTC+05:30,Took a cold shower?,true,
2025-09-11 00:51:09,2025-09-12 00:36:34,UTC+05:30,Consumed dairy?,true,
2025-09-11 00:51:09,2025-09-12 00:36:34,UTC+05:30,Consumed fiber?,false,
2025-09-11 00:51:09,2025-09-12 00:36:34,UTC+05:30,Experienced heartburn?,false,
2025-09-11 00:51:09,2025-09-12 00:36:34,UTC+05:30,Followed an intermittent fasting diet?,true,
2025-09-11 00:51:09,2025-09-12 00:36:34,UTC+05:30,Took Iron supplements?,true,
2025-09-11 00:51:09,2025-09-12 00:36:34,UTC+05:30,Ate food close to bedtime?,false,
2025-09-11 00:51:09,2025-09-12 00:36:34,UTC+05:30,Consumed magnesium?,true,
2025-09-11 00:51:09,2025-09-12 00:36:34,UTC+05:30,Took a magnesium supplement?,true,
2025-09-11 00:51:09,2025-09-12 00:36:34,UTC+05:30,Masturbated?,false,
2025-09-11 00:51:09,2025-09-12 00:36:34,UTC+05:30,Consumed meat?,true,
2025-09-11 00:51:09,2025-09-12 00:36:34,UTC+05:30,Took omega 3 supplement?,true,
2025-09-11 00:51:09,2025-09-12 00:36:34,UTC+05:30,Walked after a meal?,false,
2025-09-11 00:51:09,2025-09-12 00:36:34,UTC+05:30,Consumed protein?,false,
2025-09-11 00:51:09,2025-09-12 00:36:34,UTC+05:30,Took vitamin B-12?,true,
2025-09-11 00:51:09,2025-09-12 00:36:34,UTC+05:30,Took vitamin C?,true,
2025-09-11 00:51:09,2025-09-12 00:36:34,UTC+05:30,Took vitamin D?,true,
2025-09-11 00:51:09,2025-09-12 00:36:34,UTC+05:30,Took a zinc supplement?,true,
2025-09-08 20:40:46,2025-09-10 01:37:53,UTC+05:30,Avoided processed foods?,true,
2025-09-08 20:40:46,2025-09-10 01:37:53,UTC+05:30,Took a cold shower?,false,
2025-09-08 20:40:46,2025-09-10 01:37:53,UTC+05:30,Consumed dairy?,false,
2025-09-08 20:40:46,2025-09-10 01:37:53,UTC+05:30,Consumed fiber?,false,
2025-09-08 20:40:46,2025-09-10 01:37:53,UTC+05:30,Experienced heartburn?,false,
2025-09-08 20:40:46,2025-09-10 01:37:53,UTC+05:30,Followed an intermittent fasting diet?,false,
2025-09-08 20:40:46,2025-09-10 01:37:53,UTC+05:30,Took Iron supplements?,false,
2025-09-08 20:40:46,2025-09-10 01:37:53,UTC+05:30,Ate food close to bedtime?,false,
2025-09-08 20:40:46,2025-09-10 01:37:53,UTC+05:30,Consumed magnesium?,false,
2025-09-08 20:40:46,2025-09-10 01:37:53,UTC+05:30,Took a magnesium supplement?,false,
2025-09-08 20:40:46,2025-09-10 01:37:53,UTC+05:30,Masturbated?,false,
2025-09-08 20:40:46,2025-09-10 01:37:53,UTC+05:30,Consumed meat?,false,
2025-09-08 20:40:46,2025-09-10 01:37:53,UTC+05:30,Took omega 3 supplement?,false,
2025-09-08 20:40:46,2025-09-10 01:37:53,UTC+05:30,Walked after a meal?,false,
2025-09-08 20:40:46,2025-09-10 01:37:53,UTC+05:30,Consumed protein?,false,
2025-09-08 20:40:46,2025-09-10 01:37:53,UTC+05:30,Took vitamin B-12?,false,
2025-09-08 20:40:46,2025-09-10 01:37:53,UTC+05:30,Took vitamin C?,false,
2025-09-08 20:40:46,2025-09-10 01:37:53,UTC+05:30,Took vitamin D?,false,
2025-09-08 20:40:46,2025-09-10 01:37:53,UTC+05:30,Took a zinc supplement?,false,
2025-09-08 02:00:18,2025-09-08 20:40:46,UTC+05:30,Avoided processed foods?,true,
2025-09-08 02:00:18,2025-09-08 20:40:46,UTC+05:30,Took a cold shower?,false,
2025-09-08 02:00:18,2025-09-08 20:40:46,UTC+05:30,Consumed dairy?,false,
2025-09-08 02:00:18,2025-09-08 20:40:46,UTC+05:30,Consumed fiber?,false,
2025-09-08 02:00:18,2025-09-08 20:40:46,UTC+05:30,Experienced heartburn?,false,
2025-09-08 02:00:18,2025-09-08 20:40:46,UTC+05:30,Followed an intermittent fasting diet?,false,
2025-09-08 02:00:18,2025-09-08 20:40:46,UTC+05:30,Took Iron supplements?,true,
2025-09-08 02:00:18,2025-09-08 20:40:46,UTC+05:30,Ate food close to bedtime?,true,
2025-09-08 02:00:18,2025-09-08 20:40:46,UTC+05:30,Consumed magnesium?,false,
2025-09-08 02:00:18,2025-09-08 20:40:46,UTC+05:30,Took a magnesium supplement?,false,
2025-09-08 02:00:18,2025-09-08 20:40:46,UTC+05:30,Masturbated?,true,
2025-09-08 02:00:18,2025-09-08 20:40:46,UTC+05:30,Consumed meat?,false,
2025-09-08 02:00:18,2025-09-08 20:40:46,UTC+05:30,Took omega 3 supplement?,false,
2025-09-08 02:00:18,2025-09-08 20:40:46,UTC+05:30,Walked after a meal?,false,
2025-09-08 02:00:18,2025-09-08 20:40:46,UTC+05:30,Consumed protein?,false,
2025-09-08 02:00:18,2025-09-08 20:40:46,UTC+05:30,Took vitamin B-12?,true,
2025-09-08 02:00:18,2025-09-08 20:40:46,UTC+05:30,Took vitamin C?,true,
2025-09-08 02:00:18,2025-09-08 20:40:46,UTC+05:30,Took vitamin D?,true,
2025-09-08 02:00:18,2025-09-08 20:40:46,UTC+05:30,Took a zinc supplement?,true,
2025-09-07 03:05:03,2025-09-08 02:00:18,UTC+05:30,Took a zinc supplement?,true,
2025-09-07 03:05:03,2025-09-08 02:00:18,UTC+05:30,Took vitamin D?,true,
2025-09-07 03:05:03,2025-09-08 02:00:18,UTC+05:30,Took vitamin C?,true,
2025-09-07 03:05:03,2025-09-08 02:00:18,UTC+05:30,Took vitamin B-12?,true,
2025-09-07 03:05:03,2025-09-08 02:00:18,UTC+05:30,Consumed protein?,true,
2025-09-07 03:05:03,2025-09-08 02:00:18,UTC+05:30,Walked after a meal?,true,
2025-09-07 03:05:03,2025-09-08 02:00:18,UTC+05:30,Took omega 3 supplement?,false,
2025-09-07 03:05:03,2025-09-08 02:00:18,UTC+05:30,Consumed meat?,false,
2025-09-07 03:05:03,2025-09-08 02:00:18,UTC+05:30,Masturbated?,true,
2025-09-07 03:05:03,2025-09-08 02:00:18,UTC+05:30,Took a magnesium supplement?,true,
2025-09-07 03:05:03,2025-09-08 02:00:18,UTC+05:30,Consumed magnesium?,true,
2025-09-07 03:05:03,2025-09-08 02:00:18,UTC+05:30,Ate food close to bedtime?,true,
2025-09-07 03:05:03,2025-09-08 02:00:18,UTC+05:30,Took Iron supplements?,true,
2025-09-07 03:05:03,2025-09-08 02:00:18,UTC+05:30,Followed an intermittent fasting diet?,false,
2025-09-07 03:05:03,2025-09-08 02:00:18,UTC+05:30,Experienced heartburn?,false,
2025-09-07 03:05:03,2025-09-08 02:00:18,UTC+05:30,Consumed fiber?,true,
2025-09-07 03:05:03,2025-09-08 02:00:18,UTC+05:30,Consumed dairy?,false,
2025-09-07 03:05:03,2025-09-08 02:00:18,UTC+05:30,Took a cold shower?,true,
2025-09-07 03:05:03,2025-09-08 02:00:18,UTC+05:30,Avoided processed foods?,true,
2025-09-04 00:14:50,2025-09-05 00:08:45,UTC+05:30,Avoided processed foods?,true,
2025-09-04 00:14:50,2025-09-05 00:08:45,UTC+05:30,Took a cold shower?,true,
2025-09-04 00:14:50,2025-09-05 00:08:45,UTC+05:30,Consumed dairy?,false,
2025-09-04 00:14:50,2025-09-05 00:08:45,UTC+05:30,Consumed fiber?,true,
2025-09-04 00:14:50,2025-09-05 00:08:45,UTC+05:30,Experienced heartburn?,false,
2025-09-04 00:14:50,2025-09-05 00:08:45,UTC+05:30,Followed an intermittent fasting diet?,true,
2025-09-04 00:14:50,2025-09-05 00:08:45,UTC+05:30,Took Iron supplements?,true,
2025-09-04 00:14:50,2025-09-05 00:08:45,UTC+05:30,Ate food close to bedtime?,false,
2025-09-04 00:14:50,2025-09-05 00:08:45,UTC+05:30,Consumed magnesium?,true,
2025-09-04 00:14:50,2025-09-05 00:08:45,UTC+05:30,Took a magnesium supplement?,true,
2025-09-04 00:14:50,2025-09-05 00:08:45,UTC+05:30,Masturbated?,false,
2025-09-04 00:14:50,2025-09-05 00:08:45,UTC+05:30,Consumed meat?,false,
2025-09-04 00:14:50,2025-09-05 00:08:45,UTC+05:30,Took omega 3 supplement?,false,
2025-09-04 00:14:50,2025-09-05 00:08:45,UTC+05:30,Walked after a meal?,false,
2025-09-04 00:14:50,2025-09-05 00:08:45,UTC+05:30,Consumed protein?,true,
2025-09-04 00:14:50,2025-09-05 00:08:45,UTC+05:30,Took vitamin B-12?,true,
2025-09-04 00:14:50,2025-09-05 00:08:45,UTC+05:30,Took vitamin C?,true,
2025-09-04 00:14:50,2025-09-05 00:08:45,UTC+05:30,Took vitamin D?,true,
2025-09-04 00:14:50,2025-09-05 00:08:45,UTC+05:30,Took a zinc supplement?,true,
2025-09-03 02:06:41,2025-09-04 00:14:50,UTC+05:30,Avoided processed foods?,false,
2025-09-03 02:06:41,2025-09-04 00:14:50,UTC+05:30,Took a cold shower?,true,
2025-09-03 02:06:41,2025-09-04 00:14:50,UTC+05:30,Consumed dairy?,false,
2025-09-03 02:06:41,2025-09-04 00:14:50,UTC+05:30,Consumed fiber?,false,
2025-09-03 02:06:41,2025-09-04 00:14:50,UTC+05:30,Experienced heartburn?,false,
2025-09-03 02:06:41,2025-09-04 00:14:50,UTC+05:30,Followed an intermittent fasting diet?,false,
2025-09-03 02:06:41,2025-09-04 00:14:50,UTC+05:30,Took Iron supplements?,true,
2025-09-03 02:06:41,2025-09-04 00:14:50,UTC+05:30,Ate food close to bedtime?,false,
2025-09-03 02:06:41,2025-09-04 00:14:50,UTC+05:30,Consumed magnesium?,true,
2025-09-03 02:06:41,2025-09-04 00:14:50,UTC+05:30,Took a magnesium supplement?,true,
2025-09-03 02:06:41,2025-09-04 00:14:50,UTC+05:30,Masturbated?,true,
2025-09-03 02:06:41,2025-09-04 00:14:50,UTC+05:30,Consumed meat?,false,
2025-09-03 02:06:41,2025-09-04 00:14:50,UTC+05:30,Took omega 3 supplement?,false,
2025-09-03 02:06:41,2025-09-04 00:14:50,UTC+05:30,Walked after a meal?,true,
2025-09-03 02:06:41,2025-09-04 00:14:50,UTC+05:30,Consumed protein?,true,
2025-09-03 02:06:41,2025-09-04 00:14:50,UTC+05:30,Took vitamin B-12?,true,
2025-09-03 02:06:41,2025-09-04 00:14:50,UTC+05:30,Took vitamin C?,true,
2025-09-03 02:06:41,2025-09-04 00:14:50,UTC+05:30,Took vitamin D?,true,
2025-09-03 02:06:41,2025-09-04 00:14:50,UTC+05:30,Took a zinc supplement?,true,
2025-09-01 23:47:03,2025-09-03 02:06:41,UTC+05:30,Avoided processed foods?,true,
2025-09-01 23:47:03,2025-09-03 02:06:41,UTC+05:30,Took a cold shower?,true,
2025-09-01 23:47:03,2025-09-03 02:06:41,UTC+05:30,Consumed dairy?,false,
2025-09-01 23:47:03,2025-09-03 02:06:41,UTC+05:30,Consumed fiber?,true,
2025-09-01 23:47:03,2025-09-03 02:06:41,UTC+05:30,Experienced heartburn?,false,
2025-09-01 23:47:03,2025-09-03 02:06:41,UTC+05:30,Followed an intermittent fasting diet?,true,
2025-09-01 23:47:03,2025-09-03 02:06:41,UTC+05:30,Took Iron supplements?,true,
2025-09-01 23:47:03,2025-09-03 02:06:41,UTC+05:30,Ate food close to bedtime?,false,
2025-09-01 23:47:03,2025-09-03 02:06:41,UTC+05:30,Consumed magnesium?,true,
2025-09-01 23:47:03,2025-09-03 02:06:41,UTC+05:30,Took a magnesium supplement?,true,
2025-09-01 23:47:03,2025-09-03 02:06:41,UTC+05:30,Masturbated?,false,
2025-09-01 23:47:03,2025-09-03 02:06:41,UTC+05:30,Consumed meat?,false,
2025-09-01 23:47:03,2025-09-03 02:06:41,UTC+05:30,Took omega 3 supplement?,false,
2025-09-01 23:47:03,2025-09-03 02:06:41,UTC+05:30,Walked after a meal?,true,
2025-09-01 23:47:03,2025-09-03 02:06:41,UTC+05:30,Consumed protein?,true,
2025-09-01 23:47:03,2025-09-03 02:06:41,UTC+05:30,Took vitamin B-12?,true,
2025-09-01 23:47:03,2025-09-03 02:06:41,UTC+05:30,Took vitamin C?,true,
2025-09-01 23:47:03,2025-09-03 02:06:41,UTC+05:30,Took vitamin D?,true,
2025-09-01 23:47:03,2025-09-03 02:06:41,UTC+05:30,Took a zinc supplement?,true,
2025-09-01 02:37:25,2025-09-01 23:47:03,UTC+05:30,Took a zinc supplement?,true,
2025-09-01 02:37:25,2025-09-01 23:47:03,UTC+05:30,Took a cold shower?,true,
2025-09-01 02:37:25,2025-09-01 23:47:03,UTC+05:30,Consumed protein?,true,
2025-09-01 02:37:25,2025-09-01 23:47:03,UTC+05:30,Experienced heartburn?,false,
2025-09-01 02:37:25,2025-09-01 23:47:03,UTC+05:30,Consumed dairy?,true,
2025-09-01 02:37:25,2025-09-01 23:47:03,UTC+05:30,Masturbated?,true,
2025-09-01 02:37:25,2025-09-01 23:47:03,UTC+05:30,Avoided processed foods?,true,
2025-09-01 02:37:25,2025-09-01 23:47:03,UTC+05:30,Took Iron supplements?,true,
2025-09-01 02:37:25,2025-09-01 23:47:03,UTC+05:30,Followed an intermittent fasting diet?,false,
2025-09-01 02:37:25,2025-09-01 23:47:03,UTC+05:30,Took omega 3 supplement?,false,
2025-09-01 02:37:25,2025-09-01 23:47:03,UTC+05:30,Took vitamin D?,true,
2025-09-01 02:37:25,2025-09-01 23:47:03,UTC+05:30,Took vitamin C?,true,
2025-09-01 02:37:25,2025-09-01 23:47:03,UTC+05:30,Consumed meat?,false,
2025-09-01 02:37:25,2025-09-01 23:47:03,UTC+05:30,Took vitamin B-12?,true,
2025-09-01 02:37:25,2025-09-01 23:47:03,UTC+05:30,Walked after a meal?,true,
2025-09-01 02:37:25,2025-09-01 23:47:03,UTC+05:30,Consumed magnesium?,true,
2025-09-01 02:37:25,2025-09-01 23:47:03,UTC+05:30,Consumed fiber?,true,
2025-09-01 02:37:25,2025-09-01 23:47:03,UTC+05:30,Ate food close to bedtime?,false,
2025-09-01 02:37:25,2025-09-01 23:47:03,UTC+05:30,Took a magnesium supplement?,true,
2025-08-31 02:44:21,2025-09-01 02:37:25,UTC+05:30,Experienced bloating?,false,
2025-08-31 02:44:21,2025-09-01 02:37:25,UTC+05:30,Avoided processed foods?,true,
2025-08-31 02:44:21,2025-09-01 02:37:25,UTC+05:30,Took a cold shower?,true,
2025-08-31 02:44:21,2025-09-01 02:37:25,UTC+05:30,Felt congested?,false,
2025-08-31 02:44:21,2025-09-01 02:37:25,UTC+05:30,Consumed dairy?,true,
2025-08-31 02:44:21,2025-09-01 02:37:25,UTC+05:30,Consumed fiber?,false,
2025-08-31 02:44:21,2025-09-01 02:37:25,UTC+05:30,Experienced food cravings?,false,
2025-08-31 02:44:21,2025-09-01 02:37:25,UTC+05:30,Experienced excessive gas?,false,
2025-08-31 02:44:21,2025-09-01 02:37:25,UTC+05:30,Noticed thinning hair or hair loss?,false,
2025-08-31 02:44:21,2025-09-01 02:37:25,UTC+05:30,Experienced a headache?,false,
2025-08-31 02:44:21,2025-09-01 02:37:25,UTC+05:30,Experienced heartburn?,false,
2025-08-31 02:44:21,2025-09-01 02:37:25,UTC+05:30,Experienced indigestion?,false,
2025-08-31 02:44:21,2025-09-01 02:37:25,UTC+05:30,Followed an intermittent fasting diet?,true,
2025-08-31 02:44:21,2025-09-01 02:37:25,UTC+05:30,Took Iron supplements?,false,
2025-08-31 02:44:21,2025-09-01 02:37:25,UTC+05:30,Ate food close to bedtime?,false,
2025-08-31 02:44:21,2025-09-01 02:37:25,UTC+05:30,Consumed magnesium?,true,
2025-08-31 02:44:21,2025-09-01 02:37:25,UTC+05:30,Took a magnesium supplement?,true,
2025-08-31 02:44:21,2025-09-01 02:37:25,UTC+05:30,Masturbated?,true,
2025-08-31 02:44:21,2025-09-01 02:37:25,UTC+05:30,Consumed meat?,false,
2025-08-31 02:44:21,2025-09-01 02:37:25,UTC+05:30,Took omega 3 supplement?,false,
2025-08-31 02:44:21,2025-09-01 02:37:25,UTC+05:30,Walked after a meal?,false,
2025-08-31 02:44:21,2025-09-01 02:37:25,UTC+05:30,Took vitamin B-12?,false,
2025-08-31 02:44:21,2025-09-01 02:37:25,UTC+05:30,Took vitamin C?,false,
2025-08-31 02:44:21,2025-09-01 02:37:25,UTC+05:30,Took vitamin D?,false,
2025-08-31 02:44:21,2025-09-01 02:37:25,UTC+05:30,Took a zinc supplement?,false,
2025-08-29 00:41:24,2025-08-29 22:44:06,UTC+05:30,Experienced bloating?,false,
2025-08-29 00:41:24,2025-08-29 22:44:06,UTC+05:30,Avoided processed foods?,true,
2025-08-29 00:41:24,2025-08-29 22:44:06,UTC+05:30,Took a cold shower?,false,
2025-08-29 00:41:24,2025-08-29 22:44:06,UTC+05:30,Felt congested?,false,
2025-08-29 00:41:24,2025-08-29 22:44:06,UTC+05:30,Consumed dairy?,false,
2025-08-29 00:41:24,2025-08-29 22:44:06,UTC+05:30,Consumed fiber?,false,
2025-08-29 00:41:24,2025-08-29 22:44:06,UTC+05:30,Experienced food cravings?,false,
2025-08-29 00:41:24,2025-08-29 22:44:06,UTC+05:30,Experienced excessive gas?,false,
2025-08-29 00:41:24,2025-08-29 22:44:06,UTC+05:30,Noticed thinning hair or hair loss?,false,
2025-08-29 00:41:24,2025-08-29 22:44:06,UTC+05:30,Experienced a headache?,false,
2025-08-29 00:41:24,2025-08-29 22:44:06,UTC+05:30,Experienced heartburn?,false,
2025-08-29 00:41:24,2025-08-29 22:44:06,UTC+05:30,Experienced indigestion?,false,
2025-08-29 00:41:24,2025-08-29 22:44:06,UTC+05:30,Followed an intermittent fasting diet?,true,
2025-08-29 00:41:24,2025-08-29 22:44:06,UTC+05:30,Took Iron supplements?,false,
2025-08-29 00:41:24,2025-08-29 22:44:06,UTC+05:30,Ate food close to bedtime?,false,
2025-08-29 00:41:24,2025-08-29 22:44:06,UTC+05:30,Consumed magnesium?,false,
2025-08-29 00:41:24,2025-08-29 22:44:06,UTC+05:30,Took a magnesium supplement?,false,
2025-08-29 00:41:24,2025-08-29 22:44:06,UTC+05:30,Masturbated?,true,
2025-08-29 00:41:24,2025-08-29 22:44:06,UTC+05:30,Consumed meat?,false,
2025-08-29 00:41:24,2025-08-29 22:44:06,UTC+05:30,Took omega 3 supplement?,false,
2025-08-29 00:41:24,2025-08-29 22:44:06,UTC+05:30,Walked after a meal?,true,
2025-08-29 00:41:24,2025-08-29 22:44:06,UTC+05:30,Took vitamin B-12?,false,
2025-08-29 00:41:24,2025-08-29 22:44:06,UTC+05:30,Took vitamin C?,false,
2025-08-29 00:41:24,2025-08-29 22:44:06,UTC+05:30,Took vitamin D?,false,
2025-08-29 00:41:24,2025-08-29 22:44:06,UTC+05:30,Took a zinc supplement?,false,
2025-08-29 22:44:06,2025-08-31 02:44:21,UTC+05:30,Experienced bloating?,false,
2025-08-29 22:44:06,2025-08-31 02:44:21,UTC+05:30,Avoided processed foods?,true,
2025-08-29 22:44:06,2025-08-31 02:44:21,UTC+05:30,Took a cold shower?,true,
2025-08-29 22:44:06,2025-08-31 02:44:21,UTC+05:30,Felt congested?,false,
2025-08-29 22:44:06,2025-08-31 02:44:21,UTC+05:30,Consumed dairy?,true,
2025-08-29 22:44:06,2025-08-31 02:44:21,UTC+05:30,Consumed fiber?,false,
2025-08-29 22:44:06,2025-08-31 02:44:21,UTC+05:30,Experienced food cravings?,false,
2025-08-29 22:44:06,2025-08-31 02:44:21,UTC+05:30,Experienced excessive gas?,false,
2025-08-29 22:44:06,2025-08-31 02:44:21,UTC+05:30,Noticed thinning hair or hair loss?,false,
2025-08-29 22:44:06,2025-08-31 02:44:21,UTC+05:30,Experienced a headache?,false,
2025-08-29 22:44:06,2025-08-31 02:44:21,UTC+05:30,Experienced heartburn?,false,
2025-08-29 22:44:06,2025-08-31 02:44:21,UTC+05:30,Experienced indigestion?,false,
2025-08-29 22:44:06,2025-08-31 02:44:21,UTC+05:30,Followed an intermittent fasting diet?,true,
2025-08-29 22:44:06,2025-08-31 02:44:21,UTC+05:30,Took Iron supplements?,false,
2025-08-29 22:44:06,2025-08-31 02:44:21,UTC+05:30,Ate food close to bedtime?,false,
2025-08-29 22:44:06,2025-08-31 02:44:21,UTC+05:30,Consumed magnesium?,false,
2025-08-29 22:44:06,2025-08-31 02:44:21,UTC+05:30,Took a magnesium supplement?,false,
2025-08-29 22:44:06,2025-08-31 02:44:21,UTC+05:30,Masturbated?,true,
2025-08-29 22:44:06,2025-08-31 02:44:21,UTC+05:30,Consumed meat?,false,
2025-08-29 22:44:06,2025-08-31 02:44:21,UTC+05:30,Took omega 3 supplement?,false,
2025-08-29 22:44:06,2025-08-31 02:44:21,UTC+05:30,Walked after a meal?,false,
2025-08-29 22:44:06,2025-08-31 02:44:21,UTC+05:30,Took vitamin B-12?,false,
2025-08-29 22:44:06,2025-08-31 02:44:21,UTC+05:30,Took vitamin C?,false,
2025-08-29 22:44:06,2025-08-31 02:44:21,UTC+05:30,Took vitamin D?,false,
2025-08-29 22:44:06,2025-08-31 02:44:21,UTC+05:30,Took a zinc supplement?,false,
2025-08-28 00:44:37,2025-08-29 00:41:24,UTC+05:30,Experienced bloating?,false,
2025-08-28 00:44:37,2025-08-29 00:41:24,UTC+05:30,Avoided processed foods?,true,
2025-08-28 00:44:37,2025-08-29 00:41:24,UTC+05:30,Took a cold shower?,true,
2025-08-28 00:44:37,2025-08-29 00:41:24,UTC+05:30,Felt congested?,false,
2025-08-28 00:44:37,2025-08-29 00:41:24,UTC+05:30,Consumed dairy?,true,
2025-08-28 00:44:37,2025-08-29 00:41:24,UTC+05:30,Consumed fiber?,false,
2025-08-28 00:44:37,2025-08-29 00:41:24,UTC+05:30,Experienced food cravings?,true,
2025-08-28 00:44:37,2025-08-29 00:41:24,UTC+05:30,Experienced excessive gas?,false,
2025-08-28 00:44:37,2025-08-29 00:41:24,UTC+05:30,Noticed thinning hair or hair loss?,false,
2025-08-28 00:44:37,2025-08-29 00:41:24,UTC+05:30,Experienced a headache?,false,
2025-08-28 00:44:37,2025-08-29 00:41:24,UTC+05:30,Experienced heartburn?,false,
2025-08-28 00:44:37,2025-08-29 00:41:24,UTC+05:30,Experienced indigestion?,false,
2025-08-28 00:44:37,2025-08-29 00:41:24,UTC+05:30,Followed an intermittent fasting diet?,false,
2025-08-28 00:44:37,2025-08-29 00:41:24,UTC+05:30,Took Iron supplements?,false,
2025-08-28 00:44:37,2025-08-29 00:41:24,UTC+05:30,Ate food close to bedtime?,false,
2025-08-28 00:44:37,2025-08-29 00:41:24,UTC+05:30,Consumed magnesium?,false,
2025-08-28 00:44:37,2025-08-29 00:41:24,UTC+05:30,Took a magnesium supplement?,false,
2025-08-28 00:44:37,2025-08-29 00:41:24,UTC+05:30,Masturbated?,true,
2025-08-28 00:44:37,2025-08-29 00:41:24,UTC+05:30,Consumed meat?,true,
2025-08-28 00:44:37,2025-08-29 00:41:24,UTC+05:30,Took omega 3 supplement?,false,
2025-08-28 00:44:37,2025-08-29 00:41:24,UTC+05:30,Walked after a meal?,true,
2025-08-28 00:44:37,2025-08-29 00:41:24,UTC+05:30,Took vitamin B-12?,false,
2025-08-28 00:44:37,2025-08-29 00:41:24,UTC+05:30,Took vitamin C?,false,
2025-08-28 00:44:37,2025-08-29 00:41:24,UTC+05:30,Took vitamin D?,false,
2025-08-28 00:44:37,2025-08-29 00:41:24,UTC+05:30,Took a zinc supplement?,false,
2025-08-27 00:07:13,2025-08-28 00:44:37,UTC+05:30,Ate food close to bedtime?,false,
2025-08-27 00:07:13,2025-08-28 00:44:37,UTC+05:30,Consumed meat?,false,
2025-08-27 00:07:13,2025-08-28 00:44:37,UTC+05:30,Experienced bloating?,false,
2025-08-27 00:07:13,2025-08-28 00:44:37,UTC+05:30,Took Iron supplements?,false,
2025-08-27 00:07:13,2025-08-28 00:44:37,UTC+05:30,Avoided processed foods?,true,
2025-08-27 00:07:13,2025-08-28 00:44:37,UTC+05:30,Consumed dairy?,false,
2025-08-27 00:07:13,2025-08-28 00:44:37,UTC+05:30,Experienced heartburn?,false,
2025-08-27 00:07:13,2025-08-28 00:44:37,UTC+05:30,Experienced excessive gas?,false,
2025-08-27 00:07:13,2025-08-28 00:44:37,UTC+05:30,Took a cold shower?,false,
2025-08-27 00:07:13,2025-08-28 00:44:37,UTC+05:30,Experienced food cravings?,false,
2025-08-27 00:07:13,2025-08-28 00:44:37,UTC+05:30,Took a zinc supplement?,false,
2025-08-27 00:07:13,2025-08-28 00:44:37,UTC+05:30,Took a magnesium supplement?,false,
2025-08-27 00:07:13,2025-08-28 00:44:37,UTC+05:30,Consumed fiber?,false,
2025-08-27 00:07:13,2025-08-28 00:44:37,UTC+05:30,Consumed magnesium?,false,
2025-08-27 00:07:13,2025-08-28 00:44:37,UTC+05:30,Walked after a meal?,false,
2025-08-27 00:07:13,2025-08-28 00:44:37,UTC+05:30,Felt congested?,false,
2025-08-27 00:07:13,2025-08-28 00:44:37,UTC+05:30,Experienced indigestion?,false,
2025-08-27 00:07:13,2025-08-28 00:44:37,UTC+05:30,Took vitamin B-12?,false,
2025-08-27 00:07:13,2025-08-28 00:44:37,UTC+05:30,Took vitamin C?,false,
2025-08-27 00:07:13,2025-08-28 00:44:37,UTC+05:30,Took vitamin D?,false,
2025-08-27 00:07:13,2025-08-28 00:44:37,UTC+05:30,Noticed thinning hair or hair loss?,false,
2025-08-27 00:07:13,2025-08-28 00:44:37,UTC+05:30,Experienced a headache?,false,
2025-08-27 00:07:13,2025-08-28 00:44:37,UTC+05:30,Took omega 3 supplement?,false,
2025-08-27 00:07:13,2025-08-28 00:44:37,UTC+05:30,Followed an intermittent fasting diet?,true,
2025-08-27 00:07:13,2025-08-28 00:44:37,UTC+05:30,Masturbated?,false,
2025-08-25 01:46:22,2025-08-25 20:13:24,UTC+05:30,Experienced bloating?,false,
2025-08-25 01:46:22,2025-08-25 20:13:24,UTC+05:30,Avoided processed foods?,false,
2025-08-25 01:46:22,2025-08-25 20:13:24,UTC+05:30,Took a cold shower?,true,
2025-08-25 01:46:22,2025-08-25 20:13:24,UTC+05:30,Felt congested?,false,
2025-08-25 01:46:22,2025-08-25 20:13:24,UTC+05:30,Consumed dairy?,true,
2025-08-25 01:46:22,2025-08-25 20:13:24,UTC+05:30,Consumed fiber?,false,
2025-08-25 01:46:22,2025-08-25 20:13:24,UTC+05:30,Experienced food cravings?,false,
2025-08-25 01:46:22,2025-08-25 20:13:24,UTC+05:30,Experienced excessive gas?,false,
2025-08-25 01:46:22,2025-08-25 20:13:24,UTC+05:30,Noticed thinning hair or hair loss?,false,
2025-08-25 01:46:22,2025-08-25 20:13:24,UTC+05:30,Experienced a headache?,false,
2025-08-25 01:46:22,2025-08-25 20:13:24,UTC+05:30,Experienced heartburn?,false,
2025-08-25 01:46:22,2025-08-25 20:13:24,UTC+05:30,Experienced indigestion?,false,
2025-08-25 01:46:22,2025-08-25 20:13:24,UTC+05:30,Followed an intermittent fasting diet?,true,
2025-08-25 01:46:22,2025-08-25 20:13:24,UTC+05:30,Took Iron supplements?,false,
2025-08-25 01:46:22,2025-08-25 20:13:24,UTC+05:30,Ate food close to bedtime?,false,
2025-08-25 01:46:22,2025-08-25 20:13:24,UTC+05:30,Consumed magnesium?,false,
2025-08-25 01:46:22,2025-08-25 20:13:24,UTC+05:30,Took a magnesium supplement?,false,
2025-08-25 01:46:22,2025-08-25 20:13:24,UTC+05:30,Masturbated?,false,
2025-08-25 01:46:22,2025-08-25 20:13:24,UTC+05:30,Consumed meat?,true,
2025-08-25 01:46:22,2025-08-25 20:13:24,UTC+05:30,Took omega 3 supplement?,false,
2025-08-25 01:46:22,2025-08-25 20:13:24,UTC+05:30,Walked after a meal?,false,
2025-08-25 01:46:22,2025-08-25 20:13:24,UTC+05:30,Took vitamin B-12?,false,
2025-08-25 01:46:22,2025-08-25 20:13:24,UTC+05:30,Took vitamin C?,false,
2025-08-25 01:46:22,2025-08-25 20:13:24,UTC+05:30,Took vitamin D?,false,
2025-08-25 01:46:22,2025-08-25 20:13:24,UTC+05:30,Took a zinc supplement?,false,
2025-08-25 20:13:24,2025-08-27 00:07:13,UTC+05:30,Experienced bloating?,false,
2025-08-25 20:13:24,2025-08-27 00:07:13,UTC+05:30,Avoided processed foods?,true,
2025-08-25 20:13:24,2025-08-27 00:07:13,UTC+05:30,Took a cold shower?,true,
2025-08-25 20:13:24,2025-08-27 00:07:13,UTC+05:30,Felt congested?,false,
2025-08-25 20:13:24,2025-08-27 00:07:13,UTC+05:30,Consumed dairy?,false,
2025-08-25 20:13:24,2025-08-27 00:07:13,UTC+05:30,Consumed fiber?,true,
2025-08-25 20:13:24,2025-08-27 00:07:13,UTC+05:30,Experienced food cravings?,false,
2025-08-25 20:13:24,2025-08-27 00:07:13,UTC+05:30,Experienced excessive gas?,false,
2025-08-25 20:13:24,2025-08-27 00:07:13,UTC+05:30,Noticed thinning hair or hair loss?,false,
2025-08-25 20:13:24,2025-08-27 00:07:13,UTC+05:30,Experienced a headache?,false,
2025-08-25 20:13:24,2025-08-27 00:07:13,UTC+05:30,Experienced heartburn?,false,
2025-08-25 20:13:24,2025-08-27 00:07:13,UTC+05:30,Experienced indigestion?,false,
2025-08-25 20:13:24,2025-08-27 00:07:13,UTC+05:30,Followed an intermittent fasting diet?,true,
2025-08-25 20:13:24,2025-08-27 00:07:13,UTC+05:30,Took Iron supplements?,false,
2025-08-25 20:13:24,2025-08-27 00:07:13,UTC+05:30,Ate food close to bedtime?,false,
2025-08-25 20:13:24,2025-08-27 00:07:13,UTC+05:30,Consumed magnesium?,true,
2025-08-25 20:13:24,2025-08-27 00:07:13,UTC+05:30,Took a magnesium supplement?,true,
2025-08-25 20:13:24,2025-08-27 00:07:13,UTC+05:30,Masturbated?,false,
2025-08-25 20:13:24,2025-08-27 00:07:13,UTC+05:30,Consumed meat?,true,
2025-08-25 20:13:24,2025-08-27 00:07:13,UTC+05:30,Took omega 3 supplement?,false,
2025-08-25 20:13:24,2025-08-27 00:07:13,UTC+05:30,Walked after a meal?,false,
2025-08-25 20:13:24,2025-08-27 00:07:13,UTC+05:30,Took vitamin B-12?,false,
2025-08-25 20:13:24,2025-08-27 00:07:13,UTC+05:30,Took vitamin C?,false,
2025-08-25 20:13:24,2025-08-27 00:07:13,UTC+05:30,Took vitamin D?,false,
2025-08-25 20:13:24,2025-08-27 00:07:13,UTC+05:30,Took a zinc supplement?,false,
2025-08-24 02:44:51,2025-08-25 01:46:22,UTC+05:30,Experienced bloating?,false,
2025-08-24 02:44:51,2025-08-25 01:46:22,UTC+05:30,Avoided processed foods?,false,
2025-08-24 02:44:51,2025-08-25 01:46:22,UTC+05:30,Took a cold shower?,true,
2025-08-24 02:44:51,2025-08-25 01:46:22,UTC+05:30,Felt congested?,false,
2025-08-24 02:44:51,2025-08-25 01:46:22,UTC+05:30,Consumed dairy?,true,
2025-08-24 02:44:51,2025-08-25 01:46:22,UTC+05:30,Consumed fiber?,false,
2025-08-24 02:44:51,2025-08-25 01:46:22,UTC+05:30,Experienced food cravings?,false,
2025-08-24 02:44:51,2025-08-25 01:46:22,UTC+05:30,Experienced excessive gas?,false,
2025-08-24 02:44:51,2025-08-25 01:46:22,UTC+05:30,Noticed thinning hair or hair loss?,false,
2025-08-24 02:44:51,2025-08-25 01:46:22,UTC+05:30,Experienced a headache?,false,
2025-08-24 02:44:51,2025-08-25 01:46:22,UTC+05:30,Experienced heartburn?,false,
2025-08-24 02:44:51,2025-08-25 01:46:22,UTC+05:30,Experienced indigestion?,false,
2025-08-24 02:44:51,2025-08-25 01:46:22,UTC+05:30,Followed an intermittent fasting diet?,true,
2025-08-24 02:44:51,2025-08-25 01:46:22,UTC+05:30,Took Iron supplements?,false,
2025-08-24 02:44:51,2025-08-25 01:46:22,UTC+05:30,Ate food close to bedtime?,false,
2025-08-24 02:44:51,2025-08-25 01:46:22,UTC+05:30,Consumed magnesium?,true,
2025-08-24 02:44:51,2025-08-25 01:46:22,UTC+05:30,Took a magnesium supplement?,true,
2025-08-24 02:44:51,2025-08-25 01:46:22,UTC+05:30,Masturbated?,true,
2025-08-24 02:44:51,2025-08-25 01:46:22,UTC+05:30,Consumed meat?,true,
2025-08-24 02:44:51,2025-08-25 01:46:22,UTC+05:30,Took omega 3 supplement?,false,
2025-08-24 02:44:51,2025-08-25 01:46:22,UTC+05:30,Walked after a meal?,true,
2025-08-24 02:44:51,2025-08-25 01:46:22,UTC+05:30,Took vitamin B-12?,false,
2025-08-24 02:44:51,2025-08-25 01:46:22,UTC+05:30,Took vitamin C?,false,
2025-08-24 02:44:51,2025-08-25 01:46:22,UTC+05:30,Took vitamin D?,false,
2025-08-24 02:44:51,2025-08-25 01:46:22,UTC+05:30,Took a zinc supplement?,false,
2025-08-21 23:24:49,2025-08-23 00:06:31,UTC+05:30,Masturbated?,false,
2025-08-21 23:24:49,2025-08-23 00:06:31,UTC+05:30,Followed an intermittent fasting diet?,true,
2025-08-21 23:24:49,2025-08-23 00:06:31,UTC+05:30,Took omega 3 supplement?,false,
2025-08-21 23:24:49,2025-08-23 00:06:31,UTC+05:30,Experienced a headache?,false,
2025-08-21 23:24:49,2025-08-23 00:06:31,UTC+05:30,Noticed thinning hair or hair loss?,false,
2025-08-21 23:24:49,2025-08-23 00:06:31,UTC+05:30,Took vitamin D?,false,
2025-08-21 23:24:49,2025-08-23 00:06:31,UTC+05:30,Took vitamin C?,false,
2025-08-21 23:24:49,2025-08-23 00:06:31,UTC+05:30,Took vitamin B-12?,false,
2025-08-21 23:24:49,2025-08-23 00:06:31,UTC+05:30,Experienced indigestion?,false,
2025-08-21 23:24:49,2025-08-23 00:06:31,UTC+05:30,Felt congested?,false,
2025-08-21 23:24:49,2025-08-23 00:06:31,UTC+05:30,Walked after a meal?,true,
2025-08-21 23:24:49,2025-08-23 00:06:31,UTC+05:30,Consumed magnesium?,true,
2025-08-21 23:24:49,2025-08-23 00:06:31,UTC+05:30,Consumed fiber?,true,
2025-08-21 23:24:49,2025-08-23 00:06:31,UTC+05:30,Took a magnesium supplement?,true,
2025-08-21 23:24:49,2025-08-23 00:06:31,UTC+05:30,Took a zinc supplement?,false,
2025-08-21 23:24:49,2025-08-23 00:06:31,UTC+05:30,Experienced food cravings?,false,
2025-08-21 23:24:49,2025-08-23 00:06:31,UTC+05:30,Took a cold shower?,true,
2025-08-21 23:24:49,2025-08-23 00:06:31,UTC+05:30,Experienced excessive gas?,false,
2025-08-21 23:24:49,2025-08-23 00:06:31,UTC+05:30,Experienced heartburn?,false,
2025-08-21 23:24:49,2025-08-23 00:06:31,UTC+05:30,Consumed dairy?,true,
2025-08-21 23:24:49,2025-08-23 00:06:31,UTC+05:30,Avoided processed foods?,true,
2025-08-21 23:24:49,2025-08-23 00:06:31,UTC+05:30,Took Iron supplements?,false,
2025-08-21 23:24:49,2025-08-23 00:06:31,UTC+05:30,Experienced bloating?,false,
2025-08-21 23:24:49,2025-08-23 00:06:31,UTC+05:30,Consumed meat?,false,
2025-08-21 23:24:49,2025-08-23 00:06:31,UTC+05:30,Ate food close to bedtime?,false,
2025-08-21 00:34:22,2025-08-21 23:24:49,UTC+05:30,Experienced bloating?,false,
2025-08-21 00:34:22,2025-08-21 23:24:49,UTC+05:30,Avoided processed foods?,true,
2025-08-21 00:34:22,2025-08-21 23:24:49,UTC+05:30,Took a cold shower?,true,
2025-08-21 00:34:22,2025-08-21 23:24:49,UTC+05:30,Felt congested?,false,
2025-08-21 00:34:22,2025-08-21 23:24:49,UTC+05:30,Consumed dairy?,true,
2025-08-21 00:34:22,2025-08-21 23:24:49,UTC+05:30,Consumed fiber?,true,
2025-08-21 00:34:22,2025-08-21 23:24:49,UTC+05:30,Experienced food cravings?,false,
2025-08-21 00:34:22,2025-08-21 23:24:49,UTC+05:30,Experienced excessive gas?,false,
2025-08-21 00:34:22,2025-08-21 23:24:49,UTC+05:30,Noticed thinning hair or hair loss?,false,
2025-08-21 00:34:22,2025-08-21 23:24:49,UTC+05:30,Experienced a headache?,false,
2025-08-21 00:34:22,2025-08-21 23:24:49,UTC+05:30,Experienced heartburn?,false,
2025-08-21 00:34:22,2025-08-21 23:24:49,UTC+05:30,Experienced indigestion?,false,
2025-08-21 00:34:22,2025-08-21 23:24:49,UTC+05:30,Followed an intermittent fasting diet?,true,
2025-08-21 00:34:22,2025-08-21 23:24:49,UTC+05:30,Took Iron supplements?,false,
2025-08-21 00:34:22,2025-08-21 23:24:49,UTC+05:30,Ate food close to bedtime?,true,
2025-08-21 00:34:22,2025-08-21 23:24:49,UTC+05:30,Consumed magnesium?,true,
2025-08-21 00:34:22,2025-08-21 23:24:49,UTC+05:30,Took a magnesium supplement?,true,
2025-08-21 00:34:22,2025-08-21 23:24:49,UTC+05:30,Masturbated?,true,
2025-08-21 00:34:22,2025-08-21 23:24:49,UTC+05:30,Consumed meat?,true,
2025-08-21 00:34:22,2025-08-21 23:24:49,UTC+05:30,Took omega 3 supplement?,false,
2025-08-21 00:34:22,2025-08-21 23:24:49,UTC+05:30,Walked after a meal?,true,
2025-08-21 00:34:22,2025-08-21 23:24:49,UTC+05:30,Took vitamin B-12?,false,
2025-08-21 00:34:22,2025-08-21 23:24:49,UTC+05:30,Took vitamin C?,false,
2025-08-21 00:34:22,2025-08-21 23:24:49,UTC+05:30,Took vitamin D?,false,
2025-08-21 00:34:22,2025-08-21 23:24:49,UTC+05:30,Took a zinc supplement?,false,
2025-08-20 00:02:08,2025-08-21 00:34:22,UTC+05:30,Experienced bloating?,false,
2025-08-20 00:02:08,2025-08-21 00:34:22,UTC+05:30,Avoided processed foods?,false,
2025-08-20 00:02:08,2025-08-21 00:34:22,UTC+05:30,Took a cold shower?,true,
2025-08-20 00:02:08,2025-08-21 00:34:22,UTC+05:30,Felt congested?,false,
2025-08-20 00:02:08,2025-08-21 00:34:22,UTC+05:30,Consumed dairy?,false,
2025-08-20 00:02:08,2025-08-21 00:34:22,UTC+05:30,Consumed fiber?,true,
2025-08-20 00:02:08,2025-08-21 00:34:22,UTC+05:30,Experienced food cravings?,false,
2025-08-20 00:02:08,2025-08-21 00:34:22,UTC+05:30,Experienced excessive gas?,false,
2025-08-20 00:02:08,2025-08-21 00:34:22,UTC+05:30,Noticed thinning hair or hair loss?,false,
2025-08-20 00:02:08,2025-08-21 00:34:22,UTC+05:30,Experienced a headache?,false,
2025-08-20 00:02:08,2025-08-21 00:34:22,UTC+05:30,Experienced heartburn?,false,
2025-08-20 00:02:08,2025-08-21 00:34:22,UTC+05:30,Experienced indigestion?,false,
2025-08-20 00:02:08,2025-08-21 00:34:22,UTC+05:30,Followed an intermittent fasting diet?,true,
2025-08-20 00:02:08,2025-08-21 00:34:22,UTC+05:30,Took Iron supplements?,false,
2025-08-20 00:02:08,2025-08-21 00:34:22,UTC+05:30,Ate food close to bedtime?,false,
2025-08-20 00:02:08,2025-08-21 00:34:22,UTC+05:30,Consumed magnesium?,true,
2025-08-20 00:02:08,2025-08-21 00:34:22,UTC+05:30,Took a magnesium supplement?,true,
2025-08-20 00:02:08,2025-08-21 00:34:22,UTC+05:30,Masturbated?,true,
2025-08-20 00:02:08,2025-08-21 00:34:22,UTC+05:30,Consumed meat?,true,
2025-08-20 00:02:08,2025-08-21 00:34:22,UTC+05:30,Took omega 3 supplement?,false,
2025-08-20 00:02:08,2025-08-21 00:34:22,UTC+05:30,Walked after a meal?,true,
2025-08-20 00:02:08,2025-08-21 00:34:22,UTC+05:30,Took vitamin B-12?,false,
2025-08-20 00:02:08,2025-08-21 00:34:22,UTC+05:30,Took vitamin C?,false,
2025-08-20 00:02:08,2025-08-21 00:34:22,UTC+05:30,Took vitamin D?,false,
2025-08-20 00:02:08,2025-08-21 00:34:22,UTC+05:30,Took a zinc supplement?,false,
2025-08-18 00:26:57,2025-08-18 22:06:12,UTC+05:30,Experienced bloating?,false,
2025-08-18 00:26:57,2025-08-18 22:06:12,UTC+05:30,Avoided processed foods?,false,
2025-08-18 00:26:57,2025-08-18 22:06:12,UTC+05:30,Took a cold shower?,true,
2025-08-18 00:26:57,2025-08-18 22:06:12,UTC+05:30,Felt congested?,false,
2025-08-18 00:26:57,2025-08-18 22:06:12,UTC+05:30,Consumed dairy?,false,
2025-08-18 00:26:57,2025-08-18 22:06:12,UTC+05:30,Consumed fiber?,true,
2025-08-18 00:26:57,2025-08-18 22:06:12,UTC+05:30,Experienced food cravings?,false,
2025-08-18 00:26:57,2025-08-18 22:06:12,UTC+05:30,Experienced excessive gas?,false,
2025-08-18 00:26:57,2025-08-18 22:06:12,UTC+05:30,Noticed thinning hair or hair loss?,false,
2025-08-18 00:26:57,2025-08-18 22:06:12,UTC+05:30,Experienced a headache?,false,
2025-08-18 00:26:57,2025-08-18 22:06:12,UTC+05:30,Experienced heartburn?,false,
2025-08-18 00:26:57,2025-08-18 22:06:12,UTC+05:30,Experienced indigestion?,false,
2025-08-18 00:26:57,2025-08-18 22:06:12,UTC+05:30,Followed an intermittent fasting diet?,false,
2025-08-18 00:26:57,2025-08-18 22:06:12,UTC+05:30,Took Iron supplements?,false,
2025-08-18 00:26:57,2025-08-18 22:06:12,UTC+05:30,Ate food close to bedtime?,false,
2025-08-18 00:26:57,2025-08-18 22:06:12,UTC+05:30,Consumed magnesium?,true,
2025-08-18 00:26:57,2025-08-18 22:06:12,UTC+05:30,Took a magnesium supplement?,true,
2025-08-18 00:26:57,2025-08-18 22:06:12,UTC+05:30,Masturbated?,true,
2025-08-18 00:26:57,2025-08-18 22:06:12,UTC+05:30,Consumed meat?,true,
2025-08-18 00:26:57,2025-08-18 22:06:12,UTC+05:30,Took omega 3 supplement?,false,
2025-08-18 00:26:57,2025-08-18 22:06:12,UTC+05:30,Walked after a meal?,false,
2025-08-18 00:26:57,2025-08-18 22:06:12,UTC+05:30,Took vitamin B-12?,false,
2025-08-18 00:26:57,2025-08-18 22:06:12,UTC+05:30,Took vitamin C?,false,
2025-08-18 00:26:57,2025-08-18 22:06:12,UTC+05:30,Took vitamin D?,false,
2025-08-18 00:26:57,2025-08-18 22:06:12,UTC+05:30,Took a zinc supplement?,false,
2025-08-17 00:41:56,2025-08-18 00:26:57,UTC+05:30,Experienced bloating?,false,
2025-08-17 00:41:56,2025-08-18 00:26:57,UTC+05:30,Avoided processed foods?,true,
2025-08-17 00:41:56,2025-08-18 00:26:57,UTC+05:30,Took a cold shower?,true,
2025-08-17 00:41:56,2025-08-18 00:26:57,UTC+05:30,Felt congested?,true,
2025-08-17 00:41:56,2025-08-18 00:26:57,UTC+05:30,Consumed dairy?,true,
2025-08-17 00:41:56,2025-08-18 00:26:57,UTC+05:30,Consumed fiber?,true,
2025-08-17 00:41:56,2025-08-18 00:26:57,UTC+05:30,Experienced food cravings?,false,
2025-08-17 00:41:56,2025-08-18 00:26:57,UTC+05:30,Experienced excessive gas?,false,
2025-08-17 00:41:56,2025-08-18 00:26:57,UTC+05:30,Noticed thinning hair or hair loss?,false,
2025-08-17 00:41:56,2025-08-18 00:26:57,UTC+05:30,Experienced a headache?,false,
2025-08-17 00:41:56,2025-08-18 00:26:57,UTC+05:30,Experienced heartburn?,false,
2025-08-17 00:41:56,2025-08-18 00:26:57,UTC+05:30,Experienced indigestion?,false,
2025-08-17 00:41:56,2025-08-18 00:26:57,UTC+05:30,Followed an intermittent fasting diet?,false,
2025-08-17 00:41:56,2025-08-18 00:26:57,UTC+05:30,Took Iron supplements?,false,
2025-08-17 00:41:56,2025-08-18 00:26:57,UTC+05:30,Ate food close to bedtime?,false,
2025-08-17 00:41:56,2025-08-18 00:26:57,UTC+05:30,Consumed magnesium?,true,
2025-08-17 00:41:56,2025-08-18 00:26:57,UTC+05:30,Took a magnesium supplement?,true,
2025-08-17 00:41:56,2025-08-18 00:26:57,UTC+05:30,Masturbated?,false,
2025-08-17 00:41:56,2025-08-18 00:26:57,UTC+05:30,Consumed meat?,false,
2025-08-17 00:41:56,2025-08-18 00:26:57,UTC+05:30,Took omega 3 supplement?,false,
2025-08-17 00:41:56,2025-08-18 00:26:57,UTC+05:30,Walked after a meal?,true,
2025-08-17 00:41:56,2025-08-18 00:26:57,UTC+05:30,Took vitamin B-12?,false,
2025-08-17 00:41:56,2025-08-18 00:26:57,UTC+05:30,Took vitamin C?,false,
2025-08-17 00:41:56,2025-08-18 00:26:57,UTC+05:30,Took vitamin D?,false,
2025-08-17 00:41:56,2025-08-18 00:26:57,UTC+05:30,Took a zinc supplement?,false,
2025-08-16 00:24:10,2025-08-17 00:41:56,UTC+05:30,Experienced bloating?,true,
2025-08-16 00:24:10,2025-08-17 00:41:56,UTC+05:30,Avoided processed foods?,false,
2025-08-16 00:24:10,2025-08-17 00:41:56,UTC+05:30,Took a cold shower?,true,
2025-08-16 00:24:10,2025-08-17 00:41:56,UTC+05:30,Felt congested?,false,
2025-08-16 00:24:10,2025-08-17 00:41:56,UTC+05:30,Consumed dairy?,false,
2025-08-16 00:24:10,2025-08-17 00:41:56,UTC+05:30,Consumed fiber?,false,
2025-08-16 00:24:10,2025-08-17 00:41:56,UTC+05:30,Experienced food cravings?,true,
2025-08-16 00:24:10,2025-08-17 00:41:56,UTC+05:30,Experienced excessive gas?,true,
2025-08-16 00:24:10,2025-08-17 00:41:56,UTC+05:30,Noticed thinning hair or hair loss?,false,
2025-08-16 00:24:10,2025-08-17 00:41:56,UTC+05:30,Experienced a headache?,false,
2025-08-16 00:24:10,2025-08-17 00:41:56,UTC+05:30,Experienced heartburn?,false,
2025-08-16 00:24:10,2025-08-17 00:41:56,UTC+05:30,Experienced indigestion?,false,
2025-08-16 00:24:10,2025-08-17 00:41:56,UTC+05:30,Followed an intermittent fasting diet?,false,
2025-08-16 00:24:10,2025-08-17 00:41:56,UTC+05:30,Took Iron supplements?,false,
2025-08-16 00:24:10,2025-08-17 00:41:56,UTC+05:30,Ate food close to bedtime?,false,
2025-08-16 00:24:10,2025-08-17 00:41:56,UTC+05:30,Consumed magnesium?,false,
2025-08-16 00:24:10,2025-08-17 00:41:56,UTC+05:30,Took a magnesium supplement?,false,
2025-08-16 00:24:10,2025-08-17 00:41:56,UTC+05:30,Masturbated?,true,
2025-08-16 00:24:10,2025-08-17 00:41:56,UTC+05:30,Consumed meat?,true,
2025-08-16 00:24:10,2025-08-17 00:41:56,UTC+05:30,Took omega 3 supplement?,false,
2025-08-16 00:24:10,2025-08-17 00:41:56,UTC+05:30,Walked after a meal?,false,
2025-08-16 00:24:10,2025-08-17 00:41:56,UTC+05:30,Took vitamin B-12?,false,
2025-08-16 00:24:10,2025-08-17 00:41:56,UTC+05:30,Took vitamin C?,false,
2025-08-16 00:24:10,2025-08-17 00:41:56,UTC+05:30,Took vitamin D?,false,
2025-08-16 00:24:10,2025-08-17 00:41:56,UTC+05:30,Took a zinc supplement?,false,
2025-08-15 00:49:31,2025-08-16 00:24:10,UTC+05:30,Masturbated?,true,
2025-08-15 00:49:31,2025-08-16 00:24:10,UTC+05:30,Followed an intermittent fasting diet?,true,
2025-08-15 00:49:31,2025-08-16 00:24:10,UTC+05:30,Took omega 3 supplement?,false,
2025-08-15 00:49:31,2025-08-16 00:24:10,UTC+05:30,Experienced a headache?,false,
2025-08-15 00:49:31,2025-08-16 00:24:10,UTC+05:30,Noticed thinning hair or hair loss?,false,
2025-08-15 00:49:31,2025-08-16 00:24:10,UTC+05:30,Took vitamin D?,false,
2025-08-15 00:49:31,2025-08-16 00:24:10,UTC+05:30,Took vitamin C?,false,
2025-08-15 00:49:31,2025-08-16 00:24:10,UTC+05:30,Took vitamin B-12?,false,
2025-08-15 00:49:31,2025-08-16 00:24:10,UTC+05:30,Experienced indigestion?,false,
2025-08-15 00:49:31,2025-08-16 00:24:10,UTC+05:30,Felt congested?,true,
2025-08-15 00:49:31,2025-08-16 00:24:10,UTC+05:30,Walked after a meal?,true,
2025-08-15 00:49:31,2025-08-16 00:24:10,UTC+05:30,Consumed magnesium?,false,
2025-08-15 00:49:31,2025-08-16 00:24:10,UTC+05:30,Consumed fiber?,true,
2025-08-15 00:49:31,2025-08-16 00:24:10,UTC+05:30,Took a magnesium supplement?,false,
2025-08-15 00:49:31,2025-08-16 00:24:10,UTC+05:30,Took a zinc supplement?,false,
2025-08-15 00:49:31,2025-08-16 00:24:10,UTC+05:30,Experienced food cravings?,false,
2025-08-15 00:49:31,2025-08-16 00:24:10,UTC+05:30,Took a cold shower?,true,
2025-08-15 00:49:31,2025-08-16 00:24:10,UTC+05:30,Experienced excessive gas?,false,
2025-08-15 00:49:31,2025-08-16 00:24:10,UTC+05:30,Experienced heartburn?,false,
2025-08-15 00:49:31,2025-08-16 00:24:10,UTC+05:30,Consumed dairy?,true,
2025-08-15 00:49:31,2025-08-16 00:24:10,UTC+05:30,Avoided processed foods?,false,
2025-08-15 00:49:31,2025-08-16 00:24:10,UTC+05:30,Took Iron supplements?,false,
2025-08-15 00:49:31,2025-08-16 00:24:10,UTC+05:30,Experienced bloating?,false,
2025-08-15 00:49:31,2025-08-16 00:24:10,UTC+05:30,Consumed meat?,false,
2025-08-15 00:49:31,2025-08-16 00:24:10,UTC+05:30,Ate food close to bedtime?,true,
2025-08-13 22:57:13,2025-08-15 00:49:31,UTC+05:30,Took a zinc supplement?,true,
2025-08-13 22:57:13,2025-08-15 00:49:31,UTC+05:30,Experienced food cravings?,false,
2025-08-13 22:57:13,2025-08-15 00:49:31,UTC+05:30,Took a cold shower?,true,
2025-08-13 22:57:13,2025-08-15 00:49:31,UTC+05:30,Experienced excessive gas?,false,
2025-08-13 22:57:13,2025-08-15 00:49:31,UTC+05:30,Experienced heartburn?,false,
2025-08-13 22:57:13,2025-08-15 00:49:31,UTC+05:30,Experienced a headache?,false,
2025-08-13 22:57:13,2025-08-15 00:49:31,UTC+05:30,Noticed thinning hair or hair loss?,false,
2025-08-13 22:57:13,2025-08-15 00:49:31,UTC+05:30,Experienced bloating?,false,
2025-08-13 22:57:13,2025-08-15 00:49:31,UTC+05:30,Took vitamin D?,true,
2025-08-13 22:57:13,2025-08-15 00:49:31,UTC+05:30,Took vitamin C?,true,
2025-08-13 22:57:13,2025-08-15 00:49:31,UTC+05:30,Took vitamin B-12?,true,
2025-08-13 22:57:13,2025-08-15 00:49:31,UTC+05:30,Experienced indigestion?,false,
2025-08-13 22:57:13,2025-08-15 00:49:31,UTC+05:30,Consumed magnesium?,true,
2025-08-13 22:57:13,2025-08-15 00:49:31,UTC+05:30,Ate food close to bedtime?,false,
2025-08-12 22:36:01,2025-08-13 22:57:13,UTC+05:30,Experienced bloating?,false,
2025-08-12 22:36:01,2025-08-13 22:57:13,UTC+05:30,Noticed thinning hair or hair loss?,true,
2025-08-12 22:36:01,2025-08-13 22:57:13,UTC+05:30,Experienced a headache?,true,
2025-08-12 22:36:01,2025-08-13 22:57:13,UTC+05:30,Ate food close to bedtime?,false,
2025-08-12 22:36:01,2025-08-13 22:57:13,UTC+05:30,Experienced heartburn?,true,
2025-08-12 22:36:01,2025-08-13 22:57:13,UTC+05:30,Experienced excessive gas?,false,
2025-08-12 22:36:01,2025-08-13 22:57:13,UTC+05:30,Experienced food cravings?,false,
2025-08-12 22:36:01,2025-08-13 22:57:13,UTC+05:30,Experienced indigestion?,false,
